#
# A fatal error has been detected by the Java Runtime Environment:
#
#  SIGSEGV (0xb) at pc=0x00007da5a217bfc9, pid=163951, tid=163957
#
# JRE version: OpenJDK Runtime Environment (21.0.6) (build 21.0.6+-13368085-b895.109)
# Java VM: OpenJDK 64-Bit Server VM (21.0.6+-13368085-b895.109, mixed mode, tiered, compressed oops, compressed class ptrs, g1 gc, linux-amd64)
# Problematic frame:
# V  [libjvm.so+0x97bfc9]  G1CMOopClosure::do_oop(narrowOop*)+0x79
#
# Core dump will be written. Default location: Core dumps may be processed with "/usr/share/apport/apport -p%p -s%s -c%c -d%d -P%P -u%u -g%g -F%F -- %E" (or dumping to /home/lokesh/Downloads/Reporra/core.163951)
#
# If you would like to submit a bug report, please visit:
#   https://youtrack.jetbrains.com/issues/JBR
#

---------------  S U M M A R Y ------------

Command Line: --add-opens=java.base/java.lang=ALL-UNNAMED --add-opens=java.base/java.lang.invoke=ALL-UNNAMED --add-opens=java.base/java.util=ALL-UNNAMED --add-opens=java.prefs/java.util.prefs=ALL-UNNAMED --add-exports=jdk.compiler/com.sun.tools.javac.api=ALL-UNNAMED --add-exports=jdk.compiler/com.sun.tools.javac.util=ALL-UNNAMED --add-opens=java.base/java.util=ALL-UNNAMED --add-opens=java.prefs/java.util.prefs=ALL-UNNAMED --add-opens=java.base/java.nio.charset=ALL-UNNAMED --add-opens=java.base/java.net=ALL-UNNAMED --add-opens=java.base/java.util.concurrent.atomic=ALL-UNNAMED --add-opens=java.xml/javax.xml.namespace=ALL-UNNAMED -Xmx2048m -Dfile.encoding=UTF-8 -Duser.country=IN -Duser.language=en -Duser.variant -javaagent:/home/lokesh/Downloads/lokesh/GCEPlusELearninaagok/wrapper/dists/gradle-8.11.1-bin/bpt9gzteqjrbo1mjrsomdt32c/gradle-8.11.1/lib/agents/gradle-instrumentation-agent-8.11.1.jar -Dawt.toolkit.name=XToolkit org.gradle.launcher.daemon.bootstrap.GradleDaemon 8.11.1

Host: Intel(R) Core(TM) i5-4310U CPU @ 2.00GHz, 4 cores, 11G, Ubuntu 24.04.2 LTS
Time: Mon Jun 23 15:34:29 2025 IST elapsed time: 6535.483067 seconds (0d 1h 48m 55s)

---------------  T H R E A D  ---------------

Current thread (0x00007da59c098cd0):  WorkerThread "G1 Conc#0"      [id=163957, stack(0x00007da5a05ff000,0x00007da5a06ff000) (1024K)]

Stack: [0x00007da5a05ff000,0x00007da5a06ff000],  sp=0x00007da5a06f9c40,  free space=1003k
Native frames: (J=compiled Java code, j=interpreted, Vv=VM code, C=native code)
V  [libjvm.so+0x97bfc9]  G1CMOopClosure::do_oop(narrowOop*)+0x79
V  [libjvm.so+0x97d41b]  void OopOopIterateDispatch<G1CMOopClosure>::Table::oop_oop_iterate<ObjArrayKlass, narrowOop>(G1CMOopClosure*, oopDesc*, Klass*)+0x7b
V  [libjvm.so+0x99ace6]  G1CMBitMapClosure::do_addr(HeapWordImpl**)+0x176
V  [libjvm.so+0x9a107e]  G1CMTask::do_marking_step(double, bool, bool)+0x47e
V  [libjvm.so+0x9a3704]  G1CMConcurrentMarkingTask::work(unsigned int)+0xc4
V  [libjvm.so+0x10c7004]  WorkerThread::run()+0x84
V  [libjvm.so+0x10110ee]  Thread::call_run()+0xae
V  [libjvm.so+0xe5e444]  thread_native_entry(Thread*)+0x114
C  [libc.so.6+0x9caa4]

siginfo: si_signo: 11 (SIGSEGV), si_code: 1 (SEGV_MAPERR), si_addr: 0x00007dad9c057328

Registers:
RAX=0x00000000fffff815, RBX=0x00007da59c099ec0, RCX=0x0000000000000014, RDX=0x00007da59c05b280
RSP=0x00007da5a06f9c40, RBP=0x00007da5a06f9c70, RSI=0x0000000080000000, RDI=0x00007da5a06fdcf0
R8 =0x0000000000000018, R9 =0x00007da5a29ae210, R10=0x00000000031e0000, R11=0x0000000000000400
R12=0x00007da59c087250, R13=0x0000000000000000, R14=0x0000000001500034, R15=0x00007da5a29e0b38
RIP=0x00007da5a217bfc9, EFLAGS=0x0000000000010a02, CSGSFS=0x002b000000000033, ERR=0x0000000000000004
  TRAPNO=0x000000000000000e

XMM[0]=0x0000000000000000 0x4000000000000000
XMM[1]=0x0000000000000000 0x401c000000000000
XMM[2]=0x0000000000000000 0x3f97f7d0461f31b7
XMM[3]=0x0000000000000000 0x3ff7cd07c2b2e343
XMM[4]=0x0000000000000000 0x3fe6666666666666
XMM[5]=0x0000000000100000 0x00007da5a2e8fc17
XMM[6]=0x0000000000000000 0x00007da57c000c70
XMM[7]=0x00007da5a06fe6c0 0x00007da59c098cd0
XMM[8]=0x0000000000000000 0x0000000000000000
XMM[9]=0x0000000000000000 0x0000000000000000
XMM[10]=0x0000000000000000 0x0000000000000000
XMM[11]=0x9999999999999999 0x9999999999999999
XMM[12]=0x2020202020202020 0x2020202020202020
XMM[13]=0x0000000000000000 0x0000000000000000
XMM[14]=0x0000000000000000 0x0000000000000000
XMM[15]=0xcafebabecafebabe 0xcafebabecafebabe
  MXCSR=0x00001fa1


Register to memory mapping:

RAX=0x00000000fffff815 is pointing into object: [Ljdk.internal.vm.FillerElement; 
{0x00000000fffeba28} - klass: {type array int}
 - length: 20850
RBX=0x00007da59c099ec0 points into unknown readable memory: 0x00007da5a298f758 | 58 f7 98 a2 a5 7d 00 00
RCX=0x0000000000000014 is an unknown value
RDX=0x00007da59c05b280 points into unknown readable memory: 0x00007da59c01b300 | 00 b3 01 9c a5 7d 00 00
RSP=0x00007da5a06f9c40 points into unknown readable memory: 0x00007da5a29adc10 | 10 dc 9a a2 a5 7d 00 00
RBP=0x00007da5a06f9c70 points into unknown readable memory: 0x00007da5a06f9ca0 | a0 9c 6f a0 a5 7d 00 00
RSI=0x0000000080000000 is an oop: [B 
{0x0000000080000000} - klass: {type array byte}
 - length: 3125919
RDI=0x00007da5a06fdcf0 points into unknown readable memory: 0x00007da5a298f7f8 | f8 f7 98 a2 a5 7d 00 00
R8 =0x0000000000000018 is an unknown value
R9 =0x00007da5a29ae210: <offset 0x00000000011ae210> in /home/lokesh/Documents/Android Studio/android-studio-2024.3.1.15-linux/android-studio/jbr/lib/server/libjvm.so at 0x00007da5a1800000
R10=0x00000000031e0000 is an unknown value
R11=0x0000000000000400 is an unknown value
R12=0x00007da59c087250 points into unknown readable memory: 0x00007da59c097d30 | 30 7d 09 9c a5 7d 00 00
R13=0x0 is null
R14=0x0000000001500034 is an unknown value
R15=0x00007da5a29e0b38: <offset 0x00000000011e0b38> in /home/lokesh/Documents/Android Studio/android-studio-2024.3.1.15-linux/android-studio/jbr/lib/server/libjvm.so at 0x00007da5a1800000

Top of Stack: (sp=0x00007da5a06f9c40)
0x00007da5a06f9c40:   00007da5a29adc10 00007da5a06fdcf0
0x00007da5a06f9c50:   00007da5a06fdcf0 00007da59c099ec0
0x00007da5a06f9c60:   0000000098ea6740 0000000098ea9568
0x00007da5a06f9c70:   00007da5a06f9ca0 00007da5a217d41b
0x00007da5a06f9c80:   0000000000000006 00007da5a06fdd18
0x00007da5a06f9c90:   000000010006a9f0 0000000000000802
0x00007da5a06f9ca0:   00007da5a06fbce0 00007da5a219ace6
0x00007da5a06f9cb0:   0000000000000000 0000000000000000
0x00007da5a06f9cc0:   0000000000000000 0000000000000000
0x00007da5a06f9cd0:   0000000000000000 0000000000000000
0x00007da5a06f9ce0:   0000000000000000 0000000000000000
0x00007da5a06f9cf0:   0000000000000000 0000000000000000
0x00007da5a06f9d00:   0000000000000000 0000000000000000
0x00007da5a06f9d10:   0000000000000000 0000000000000000
0x00007da5a06f9d20:   0000000000000000 0000000000000000
0x00007da5a06f9d30:   0000000000000000 0000000000000000
0x00007da5a06f9d40:   0000000000000000 0000000000000000
0x00007da5a06f9d50:   0000000000000000 0000000000000000
0x00007da5a06f9d60:   0000000000000000 0000000000000000
0x00007da5a06f9d70:   0000000000000000 0000000000000000
0x00007da5a06f9d80:   0000000000000000 0000000000000000
0x00007da5a06f9d90:   0000000000000000 0000000000000000
0x00007da5a06f9da0:   0000000000000000 0000000000000000
0x00007da5a06f9db0:   0000000000000000 0000000000000000
0x00007da5a06f9dc0:   0000000000000000 0000000000000000
0x00007da5a06f9dd0:   0000000000000000 0000000000000000
0x00007da5a06f9de0:   0000000000000000 0000000000000000
0x00007da5a06f9df0:   0000000000000000 0000000000000000
0x00007da5a06f9e00:   0000000000000000 0000000000000000
0x00007da5a06f9e10:   0000000000000000 0000000000000000
0x00007da5a06f9e20:   0000000000000000 0000000000000000
0x00007da5a06f9e30:   0000000000000000 0000000000000000 

Instructions: (pc=0x00007da5a217bfc9)
0x00007da5a217bec9:   49 63 8f a0 00 00 00 49 8d 0c cf 49 63 97 3c 01
0x00007da5a217bed9:   00 00 48 8d 34 d1 4c 8d 24 d1 49 81 c4 e8 01 00
0x00007da5a217bee9:   00 4c 8d 2c c6 49 81 c5 e8 01 00 00 eb 12 66 0f
0x00007da5a217bef9:   1f 84 00 00 00 00 00 49 83 c4 08 4d 39 ec 73 2d
0x00007da5a217bf09:   41 8b 44 24 04 48 85 c0 74 ed 4d 63 3c 24 4c 03
0x00007da5a217bf19:   7d d0 49 8d 1c c7 90 4c 89 f7 4c 89 fe e8 45 03
0x00007da5a217bf29:   00 00 49 83 c7 08 49 39 df 72 ec eb ca 48 83 c4
0x00007da5a217bf39:   08 5b 41 5c 41 5d 41 5e 41 5f 5d c3 cc cc cc cc
0x00007da5a217bf49:   cc cc cc cc cc cc cc 55 48 89 e5 41 57 41 56 41
0x00007da5a217bf59:   55 41 54 53 50 48 8b 5f 20 48 ff 83 b8 00 00 00
0x00007da5a217bf69:   8b 16 48 8d 05 9e 1c 83 00 0f b6 48 08 49 89 d6
0x00007da5a217bf79:   49 d3 e6 48 85 d2 0f 84 d8 02 00 00 4c 03 30 0f
0x00007da5a217bf89:   84 cf 02 00 00 4c 8b 63 20 44 8b 6b 10 49 8b 44
0x00007da5a217bf99:   24 08 48 8b 90 f8 01 00 00 48 8b b0 10 02 00 00
0x00007da5a217bfa9:   0f b6 88 18 02 00 00 48 d3 e6 4c 89 f0 48 29 f0
0x00007da5a217bfb9:   4c 8d 3d 78 4b 86 00 41 0f b6 0f 48 d3 e8 89 c0
0x00007da5a217bfc9:   48 8b 04 c2 48 8b 40 68 4c 39 f0 0f 86 83 02 00
0x00007da5a217bfd9:   00 49 8d 7c 24 10 49 8b 44 24 10 4c 89 f6 ff 10
0x00007da5a217bfe9:   4c 89 f0 49 2b 44 24 18 48 c1 e8 03 41 0f b6 4c
0x00007da5a217bff9:   24 28 48 d3 e8 49 8b 7c 24 30 49 89 c0 ba 01 00
0x00007da5a217c009:   00 00 89 c1 48 d3 e2 49 c1 e8 06 4a 8d 34 c7 4a
0x00007da5a217c019:   8b 0c c7 0f 1f 40 00 48 89 cf 48 09 d7 48 39 cf
0x00007da5a217c029:   0f 84 2e 02 00 00 48 89 c8 f0 48 0f b1 3e 48 39
0x00007da5a217c039:   c8 48 89 c1 75 e1 4c 8d 0d ca 21 83 00 41 0f b6
0x00007da5a217c049:   11 80 fa 01 75 58 41 8b 7e 08 48 8d 05 c6 1b 83
0x00007da5a217c059:   00 0f b6 48 08 48 d3 e7 48 03 38 8b 47 08 85 c0
0x00007da5a217c069:   7f 47 85 c0 79 4c 80 f2 01 0f b6 ca 49 63 54 8e
0x00007da5a217c079:   0c 89 c1 48 d3 e2 c1 e8 10 0f b6 c0 48 01 d0 48
0x00007da5a217c089:   8d 0d 69 1f 83 00 48 63 09 48 8d 14 01 48 ff ca
0x00007da5a217c099:   f7 d9 48 63 c1 48 21 d0 48 c1 e8 03 eb 27 49 8b
0x00007da5a217c0a9:   7e 08 8b 47 08 85 c0 7e b9 a8 01 75 05 c1 e8 03
0x00007da5a217c0b9:   eb 13 48 8b 07 4c 89 f6 ff 90 00 01 00 00 4c 8d 


Stack slot to memory mapping:

stack at sp + 0 slots: 0x00007da5a29adc10: <offset 0x00000000011adc10> in /home/lokesh/Documents/Android Studio/android-studio-2024.3.1.15-linux/android-studio/jbr/lib/server/libjvm.so at 0x00007da5a1800000
stack at sp + 1 slots: 0x00007da5a06fdcf0 points into unknown readable memory: 0x00007da5a298f7f8 | f8 f7 98 a2 a5 7d 00 00
stack at sp + 2 slots: 0x00007da5a06fdcf0 points into unknown readable memory: 0x00007da5a298f7f8 | f8 f7 98 a2 a5 7d 00 00
stack at sp + 3 slots: 0x00007da59c099ec0 points into unknown readable memory: 0x00007da5a298f758 | 58 f7 98 a2 a5 7d 00 00
stack at sp + 4 slots: 0x0000000098ea6740 is pointing into object: [Ljava.util.concurrent.ConcurrentHashMap$Node; 
{0x0000000098ea5558} - klass: 'java/util/concurrent/ConcurrentHashMap$Node'[]
 - length: 4096
stack at sp + 5 slots: 0x0000000098ea9568 is an oop: java.util.concurrent.ConcurrentHashMap$Node 
{0x0000000098ea9568} - klass: 'java/util/concurrent/ConcurrentHashMap$Node'
 - ---- fields (total size 4 words):
 - final 'hash' 'I' @12  42 (0x0000002a)
 - final 'key' 'Ljava/lang/Object;' @16  "*"{0x0000000098ea9588} (0x98ea9588)
 - volatile 'val' 'Ljava/lang/Object;' @20  "*"{0x0000000098ea9588} (0x98ea9588)
 - volatile 'next' 'Ljava/util/concurrent/ConcurrentHashMap$Node;' @24  null (0x00000000)
stack at sp + 6 slots: 0x00007da5a06f9ca0 points into unknown readable memory: 0x00007da5a06fbce0 | e0 bc 6f a0 a5 7d 00 00
stack at sp + 7 slots: 0x00007da5a217d41b: <offset 0x000000000097d41b> in /home/lokesh/Documents/Android Studio/android-studio-2024.3.1.15-linux/android-studio/jbr/lib/server/libjvm.so at 0x00007da5a1800000


---------------  P R O C E S S  ---------------

Threads class SMR info:
_java_thread_list=0x00007da508012f40, length=60, elements={
0x00007da59c02de70, 0x00007da59c237e60, 0x00007da59c238e30, 0x00007da59c23a730,
0x00007da59c23bc90, 0x00007da59c245740, 0x00007da59c246d50, 0x00007da59c2483b0,
0x00007da59c2c5410, 0x00007da59c3cfe80, 0x00007da59d61b780, 0x00007da59d6695e0,
0x00007da59d6d8aa0, 0x00007da51420cdf0, 0x00007da514216f00, 0x00007da5142370c0,
0x00007da514a653d0, 0x00007da514c9f940, 0x00007da514ca16e0, 0x00007da516043c50,
0x00007da516adbed0, 0x00007da516b38fd0, 0x00007da5169e8fe0, 0x00007da5169e9ba0,
0x00007da5169ed530, 0x00007da517025c40, 0x00007da50803fdb0, 0x00007da540043a00,
0x00007da50c04b510, 0x00007da508101110, 0x00007da54c0bab90, 0x00007da520024950,
0x00007da5405b03a0, 0x00007da54003e8e0, 0x00007da5400ae8f0, 0x00007da548011300,
0x00007da548007330, 0x00007da54800e650, 0x00007da548019420, 0x00007da54800a5b0,
0x00007da54801c830, 0x00007da54801d090, 0x00007da54801dbe0, 0x00007da548031410,
0x00007da548031f10, 0x00007da548032fb0, 0x00007da548037bd0, 0x00007da5480386e0,
0x00007da548039520, 0x00007da548037120, 0x00007da548034fa0, 0x00007da548035c40,
0x00007da54803a5c0, 0x00007da50c628320, 0x00007da50c560130, 0x00007da508100a10,
0x00007da50c00cd20, 0x00007da508324f80, 0x00007da50804f770, 0x00007da508013580
}

Java Threads: ( => current thread )
  0x00007da59c02de70 JavaThread "main"                              [_thread_blocked, id=163954, stack(0x00007da5a1700000,0x00007da5a1800000) (1024K)]
  0x00007da59c237e60 JavaThread "Reference Handler"          daemon [_thread_blocked, id=163962, stack(0x00007da585300000,0x00007da585400000) (1024K)]
  0x00007da59c238e30 JavaThread "Finalizer"                  daemon [_thread_blocked, id=163963, stack(0x00007da585200000,0x00007da585300000) (1024K)]
  0x00007da59c23a730 JavaThread "Signal Dispatcher"          daemon [_thread_blocked, id=163964, stack(0x00007da585100000,0x00007da585200000) (1024K)]
  0x00007da59c23bc90 JavaThread "Service Thread"             daemon [_thread_blocked, id=163965, stack(0x00007da585000000,0x00007da585100000) (1024K)]
  0x00007da59c245740 JavaThread "Monitor Deflation Thread"   daemon [_thread_blocked, id=163966, stack(0x00007da584f00000,0x00007da585000000) (1024K)]
  0x00007da59c246d50 JavaThread "C2 CompilerThread0"         daemon [_thread_in_native, id=163967, stack(0x00007da584e00000,0x00007da584f00000) (1024K)]
  0x00007da59c2483b0 JavaThread "C1 CompilerThread0"         daemon [_thread_blocked, id=163968, stack(0x00007da584d00000,0x00007da584e00000) (1024K)]
  0x00007da59c2c5410 JavaThread "Common-Cleaner"             daemon [_thread_blocked, id=163969, stack(0x00007da584c00000,0x00007da584d00000) (1024K)]
  0x00007da59c3cfe80 JavaThread "Notification Thread"        daemon [_thread_blocked, id=163970, stack(0x00007da584b00000,0x00007da584c00000) (1024K)]
  0x00007da59d61b780 JavaThread "Daemon health stats"               [_thread_blocked, id=163975, stack(0x00007da584300000,0x00007da584400000) (1024K)]
  0x00007da59d6695e0 JavaThread "Incoming local TCP Connector on port 33801"        [_thread_in_native, id=163976, stack(0x00007da584200000,0x00007da584300000) (1024K)]
  0x00007da59d6d8aa0 JavaThread "Daemon periodic checks"            [_thread_blocked, id=163977, stack(0x00007da584100000,0x00007da584200000) (1024K)]
  0x00007da51420cdf0 JavaThread "Cache worker for journal cache (/home/lokesh/Downloads/lokesh/GCEPlusELearninaagok/caches/journal-1)"        [_thread_blocked, id=163985, stack(0x00007da533300000,0x00007da533400000) (1024K)]
  0x00007da514216f00 JavaThread "File lock request listener"        [_thread_in_native, id=163986, stack(0x00007da533200000,0x00007da533300000) (1024K)]
  0x00007da5142370c0 JavaThread "Cache worker for file hash cache (/home/lokesh/Downloads/lokesh/GCEPlusELearninaagok/caches/8.11.1/fileHashes)"        [_thread_blocked, id=163987, stack(0x00007da533100000,0x00007da533200000) (1024K)]
  0x00007da514a653d0 JavaThread "Cache worker for file content cache (/home/lokesh/Downloads/lokesh/GCEPlusELearninaagok/caches/8.11.1/fileContent)"        [_thread_blocked, id=163989, stack(0x00007da532e02000,0x00007da532f02000) (1024K)]
  0x00007da514c9f940 JavaThread "File watcher server"        daemon [_thread_in_native, id=163992, stack(0x00007da532c02000,0x00007da532d02000) (1024K)]
  0x00007da514ca16e0 JavaThread "File watcher consumer"      daemon [_thread_in_Java, id=163993, stack(0x00007da532b02000,0x00007da532c02000) (1024K)]
  0x00007da516043c50 JavaThread "Memory manager"                    [_thread_blocked, id=164027, stack(0x00007da531d02000,0x00007da531e02000) (1024K)]
  0x00007da516adbed0 JavaThread "pool-3-thread-1"                   [_thread_blocked, id=164040, stack(0x00007da531c02000,0x00007da531d02000) (1024K)]
  0x00007da516b38fd0 JavaThread "jar transforms"                    [_thread_blocked, id=164148, stack(0x00007da531f02000,0x00007da532002000) (1024K)]
  0x00007da5169e8fe0 JavaThread "jar transforms Thread 2"           [_thread_blocked, id=164149, stack(0x00007da532002000,0x00007da532102000) (1024K)]
  0x00007da5169e9ba0 JavaThread "jar transforms Thread 3"           [_thread_blocked, id=164150, stack(0x00007da532202000,0x00007da532302000) (1024K)]
  0x00007da5169ed530 JavaThread "jar transforms Thread 4"           [_thread_blocked, id=164151, stack(0x00007da532102000,0x00007da532202000) (1024K)]
  0x00007da517025c40 JavaThread "pool-6-thread-1"                   [_thread_blocked, id=164171, stack(0x00007da530f02000,0x00007da531002000) (1024K)]
  0x00007da50803fdb0 JavaThread "pool-9-thread-1"                   [_thread_blocked, id=164826, stack(0x00007da507b00000,0x00007da507c00000) (1024K)]
  0x00007da540043a00 JavaThread "pool-13-thread-1"                  [_thread_blocked, id=165253, stack(0x00007da532402000,0x00007da532502000) (1024K)]
  0x00007da50c04b510 JavaThread "Cache worker for Java compile cache (/home/lokesh/Downloads/lokesh/GCEPlusELearninaagok/caches/8.11.1/javaCompile)"        [_thread_blocked, id=165289, stack(0x00007da532902000,0x00007da532a02000) (1024K)]
  0x00007da508101110 JavaThread "pool-18-thread-1"                  [_thread_blocked, id=166337, stack(0x00007da506a00000,0x00007da506b00000) (1024K)]
  0x00007da54c0bab90 JavaThread "pool-22-thread-1"                  [_thread_blocked, id=172084, stack(0x00007da531602000,0x00007da531702000) (1024K)]
  0x00007da520024950 JavaThread "Daemon Thread 6"                   [_thread_blocked, id=172752, stack(0x00007da530300000,0x00007da530400000) (1024K)]
  0x00007da5405b03a0 JavaThread "Handler for socket connection from /127.0.0.1:33801 to /127.0.0.1:60046"        [_thread_in_native, id=172753, stack(0x00007da531a02000,0x00007da531b02000) (1024K)]
  0x00007da54003e8e0 JavaThread "Cancel handler"                    [_thread_blocked, id=172754, stack(0x00007da530c02000,0x00007da530d02000) (1024K)]
  0x00007da5400ae8f0 JavaThread "Daemon worker Thread 6"            [_thread_blocked, id=172755, stack(0x00007da530d02000,0x00007da530e02000) (1024K)]
  0x00007da548011300 JavaThread "Asynchronous log dispatcher for DefaultDaemonConnection: socket connection from /127.0.0.1:33801 to /127.0.0.1:60046"        [_thread_blocked, id=172756, stack(0x00007da533600000,0x00007da533700000) (1024K)]
  0x00007da548007330 JavaThread "Stdin handler"                     [_thread_blocked, id=172757, stack(0x00007da530200000,0x00007da530300000) (1024K)]
  0x00007da54800e650 JavaThread "Daemon client event forwarder"        [_thread_blocked, id=172758, stack(0x00007da530002000,0x00007da530102000) (1024K)]
  0x00007da548019420 JavaThread "Cache worker for file hash cache (/home/lokesh/Downloads/Reporra/.gradle/8.11.1/fileHashes)"        [_thread_blocked, id=172759, stack(0x00007da531202000,0x00007da531302000) (1024K)]
  0x00007da54800a5b0 JavaThread "Cache worker for Build Output Cleanup Cache (/home/lokesh/Downloads/Reporra/.gradle/buildOutputCleanup)"        [_thread_blocked, id=172760, stack(0x00007da507e00000,0x00007da507f00000) (1024K)]
  0x00007da54801c830 JavaThread "Cache worker for checksums cache (/home/lokesh/Downloads/Reporra/.gradle/8.11.1/checksums)"        [_thread_blocked, id=172761, stack(0x00007da531b02000,0x00007da531c02000) (1024K)]
  0x00007da54801d090 JavaThread "Cache worker for cache directory md-rule (/home/lokesh/Downloads/lokesh/GCEPlusELearninaagok/caches/8.11.1/md-rule)"        [_thread_blocked, id=172762, stack(0x00007da533400000,0x00007da533500000) (1024K)]
  0x00007da54801dbe0 JavaThread "Cache worker for cache directory md-supplier (/home/lokesh/Downloads/lokesh/GCEPlusELearninaagok/caches/8.11.1/md-supplier)"        [_thread_blocked, id=172763, stack(0x00007da506d00000,0x00007da506e00000) (1024K)]
  0x00007da548031410 JavaThread "Unconstrained build operations"        [_thread_blocked, id=172764, stack(0x00007da530e02000,0x00007da530f02000) (1024K)]
  0x00007da548031f10 JavaThread "Unconstrained build operations Thread 2"        [_thread_blocked, id=172765, stack(0x00007da533500000,0x00007da533600000) (1024K)]
  0x00007da548032fb0 JavaThread "Unconstrained build operations Thread 3"        [_thread_blocked, id=172766, stack(0x00007da506c00000,0x00007da506d00000) (1024K)]
  0x00007da548037bd0 JavaThread "Unconstrained build operations Thread 4"        [_thread_blocked, id=172769, stack(0x00007da531402000,0x00007da531502000) (1024K)]
  0x00007da5480386e0 JavaThread "Unconstrained build operations Thread 5"        [_thread_blocked, id=172770, stack(0x00007da532d02000,0x00007da532e02000) (1024K)]
  0x00007da548039520 JavaThread "Unconstrained build operations Thread 6"        [_thread_blocked, id=172771, stack(0x00007da507c00000,0x00007da507d00000) (1024K)]
  0x00007da548037120 JavaThread "build event listener"              [_thread_blocked, id=172774, stack(0x00007da531e02000,0x00007da531f02000) (1024K)]
  0x00007da548034fa0 JavaThread "pool-25-thread-1"                  [_thread_blocked, id=172775, stack(0x00007da507a00000,0x00007da507b00000) (1024K)]
  0x00007da548035c40 JavaThread "build event listener"              [_thread_blocked, id=172776, stack(0x00007da584000000,0x00007da584100000) (1024K)]
  0x00007da54803a5c0 JavaThread "included builds"                   [_thread_blocked, id=172777, stack(0x00007da532302000,0x00007da532402000) (1024K)]
  0x00007da50c628320 JavaThread "Execution worker"                  [_thread_blocked, id=172778, stack(0x00007da507200000,0x00007da507300000) (1024K)]
  0x00007da50c560130 JavaThread "Execution worker Thread 2"         [_thread_blocked, id=172779, stack(0x00007da507f00000,0x00007da508000000) (1024K)]
  0x00007da508100a10 JavaThread "Cache worker for execution history cache (/home/lokesh/Downloads/Reporra/.gradle/8.11.1/executionHistory)"        [_thread_blocked, id=172780, stack(0x00007da507300000,0x00007da507400000) (1024K)]
  0x00007da50c00cd20 JavaThread "Execution worker Thread 3"         [_thread_in_Java, id=172781, stack(0x00007da532802000,0x00007da532902000) (1024K)]
  0x00007da508324f80 JavaThread "Unconstrained build operations Thread 7"        [_thread_blocked, id=172783, stack(0x00007da507100000,0x00007da507200000) (1024K)]
  0x00007da50804f770 JavaThread "Unconstrained build operations Thread 8"        [_thread_blocked, id=172784, stack(0x00007da533000000,0x00007da533100000) (1024K)]
  0x00007da508013580 JavaThread "Unconstrained build operations Thread 9"        [_thread_blocked, id=172785, stack(0x00007da507400000,0x00007da507500000) (1024K)]
Total: 60

Other Threads:
  0x00007da59c16f7a0 VMThread "VM Thread"                           [id=163961, stack(0x00007da5859e4000,0x00007da585ae4000) (1024K)]
  0x00007da59c164470 WatcherThread "VM Periodic Task Thread"        [id=163960, stack(0x00007da585ae5000,0x00007da585be5000) (1024K)]
  0x00007da59c086740 WorkerThread "GC Thread#0"                     [id=163955, stack(0x00007da5a1026000,0x00007da5a1126000) (1024K)]
  0x00007da56c006af0 WorkerThread "GC Thread#1"                     [id=163972, stack(0x00007da584900000,0x00007da584a00000) (1024K)]
  0x00007da56c007590 WorkerThread "GC Thread#2"                     [id=163973, stack(0x00007da5847ff000,0x00007da5848ff000) (1024K)]
  0x00007da56c0080a0 WorkerThread "GC Thread#3"                     [id=163974, stack(0x00007da5846fe000,0x00007da5847fe000) (1024K)]
  0x00007da59c097d30 ConcurrentGCThread "G1 Main Marker"            [id=163956, stack(0x00007da5a0700000,0x00007da5a0800000) (1024K)]
=>0x00007da59c098cd0 WorkerThread "G1 Conc#0"                       [id=163957, stack(0x00007da5a05ff000,0x00007da5a06ff000) (1024K)]
  0x00007da59c152bf0 ConcurrentGCThread "G1 Refine#0"               [id=163958, stack(0x00007da5a00fa000,0x00007da5a01fa000) (1024K)]
  0x00007da59c153ba0 ConcurrentGCThread "G1 Service"                [id=163959, stack(0x00007da585d00000,0x00007da585e00000) (1024K)]
Total: 10

Threads with active compile tasks:
C2 CompilerThread0  6535495 35920       4       com.sun.org.apache.xerces.internal.impl.XMLNSDocumentScannerImpl::scanStartElement (1031 bytes)
C1 CompilerThread0  6535495 35988       2       net.rubygrapefruit.platform.internal.jni.AbstractFileEventFunctions$NativeFileWatcherCallback::queueEvent (39 bytes)
Total: 2

VM state: not at safepoint (normal execution)

VM Mutex/Monitor currently owned by a thread:  ([mutex/lock_event])
[0x00007da5a29fb658] MethodCompileQueue_lock - owner thread: 0x00007da59c2483b0
[0x00007da5a29fcad8] CodeCache_lock - owner thread: 0x0000000000000000

Heap address: 0x0000000080000000, size: 2048 MB, Compressed Oops mode: 32-bit

CDS archive(s) not mapped
Compressed class space mapped at: 0x0000000100000000-0x0000000140000000, reserved size: 1073741824
Narrow klass base: 0x0000000000000000, Narrow klass shift: 3, Narrow klass range: 0x140000000

GC Precious Log:
 CardTable entry size: 512
 Card Set container configuration: InlinePtr #cards 5 size 8 Array Of Cards #cards 12 size 40 Howl #buckets 4 coarsen threshold 1843 Howl Bitmap #cards 512 size 80 coarsen threshold 460 Card regions per heap region 1 cards per card region 2048
 CPUs: 4 total, 4 available
 Memory: 11867M
 Large Page Support: Disabled
 NUMA Support: Disabled
 Compressed Oops: Enabled (32-bit)
 Heap Region Size: 1M
 Heap Min Capacity: 8M
 Heap Initial Capacity: 186M
 Heap Max Capacity: 2G
 Pre-touch: Disabled
 Parallel Workers: 4
 Concurrent Workers: 1
 Concurrent Refinement Workers: 4
 Periodic GC: Disabled

Heap:
 garbage-first heap   total 688128K, used 291860K [0x0000000080000000, 0x0000000100000000)
  region size 1024K, 52 young (53248K), 20 survivors (20480K)
 Metaspace       used 199951K, committed 202752K, reserved 1245184K
  class space    used 25837K, committed 27200K, reserved 1048576K

Heap Regions: E=young(eden), S=young(survivor), O=old, HS=humongous(starts), HC=humongous(continues), CS=collection set, F=free, TAMS=top-at-mark-start, PB=parsable bottom
|   0|0x0000000080000000, 0x0000000080100000, 0x0000000080100000|100%|HS|  |TAMS 0x0000000080100000| PB 0x0000000080000000| Complete 
|   1|0x0000000080100000, 0x0000000080200000, 0x0000000080200000|100%|HC|  |TAMS 0x0000000080200000| PB 0x0000000080100000| Complete 
|   2|0x0000000080200000, 0x0000000080300000, 0x0000000080300000|100%|HC|  |TAMS 0x0000000080300000| PB 0x0000000080200000| Complete 
|   3|0x0000000080300000, 0x0000000080400000, 0x0000000080400000|100%| O|  |TAMS 0x0000000080400000| PB 0x0000000080300000| Untracked 
|   4|0x0000000080400000, 0x0000000080500000, 0x0000000080500000|100%| O|  |TAMS 0x0000000080500000| PB 0x0000000080400000| Untracked 
|   5|0x0000000080500000, 0x0000000080600000, 0x0000000080600000|100%| O|  |TAMS 0x0000000080600000| PB 0x0000000080500000| Untracked 
|   6|0x0000000080600000, 0x0000000080700000, 0x0000000080700000|100%|HS|  |TAMS 0x0000000080700000| PB 0x0000000080600000| Complete 
|   7|0x0000000080700000, 0x0000000080800000, 0x0000000080800000|100%| O|  |TAMS 0x0000000080800000| PB 0x0000000080700000| Untracked 
|   8|0x0000000080800000, 0x0000000080900000, 0x0000000080900000|100%| O|  |TAMS 0x0000000080900000| PB 0x0000000080800000| Untracked 
|   9|0x0000000080900000, 0x0000000080a00000, 0x0000000080a00000|100%| O|  |TAMS 0x0000000080a00000| PB 0x0000000080900000| Untracked 
|  10|0x0000000080a00000, 0x0000000080b00000, 0x0000000080b00000|100%| O|  |TAMS 0x0000000080b00000| PB 0x0000000080a00000| Untracked 
|  11|0x0000000080b00000, 0x0000000080c00000, 0x0000000080c00000|100%| O|  |TAMS 0x0000000080c00000| PB 0x0000000080b00000| Untracked 
|  12|0x0000000080c00000, 0x0000000080d00000, 0x0000000080d00000|100%| O|  |TAMS 0x0000000080d00000| PB 0x0000000080c00000| Untracked 
|  13|0x0000000080d00000, 0x0000000080e00000, 0x0000000080e00000|100%| O|  |TAMS 0x0000000080e00000| PB 0x0000000080d00000| Untracked 
|  14|0x0000000080e00000, 0x0000000080f00000, 0x0000000080f00000|100%| O|  |TAMS 0x0000000080f00000| PB 0x0000000080e00000| Untracked 
|  15|0x0000000080f00000, 0x0000000081000000, 0x0000000081000000|100%| O|  |TAMS 0x0000000081000000| PB 0x0000000080f00000| Untracked 
|  16|0x0000000081000000, 0x0000000081100000, 0x0000000081100000|100%| O|  |TAMS 0x0000000081100000| PB 0x0000000081000000| Untracked 
|  17|0x0000000081100000, 0x0000000081200000, 0x0000000081200000|100%| O|  |TAMS 0x0000000081200000| PB 0x0000000081100000| Untracked 
|  18|0x0000000081200000, 0x0000000081300000, 0x0000000081300000|100%| O|  |TAMS 0x0000000081300000| PB 0x0000000081200000| Untracked 
|  19|0x0000000081300000, 0x0000000081400000, 0x0000000081400000|100%| O|  |TAMS 0x0000000081400000| PB 0x0000000081300000| Untracked 
|  20|0x0000000081400000, 0x0000000081500000, 0x0000000081500000|100%| O|  |TAMS 0x0000000081500000| PB 0x0000000081400000| Untracked 
|  21|0x0000000081500000, 0x0000000081600000, 0x0000000081600000|100%| O|  |TAMS 0x0000000081600000| PB 0x0000000081500000| Untracked 
|  22|0x0000000081600000, 0x0000000081700000, 0x0000000081700000|100%| O|  |TAMS 0x0000000081700000| PB 0x0000000081600000| Untracked 
|  23|0x0000000081700000, 0x0000000081800000, 0x0000000081800000|100%| O|  |TAMS 0x0000000081800000| PB 0x0000000081700000| Untracked 
|  24|0x0000000081800000, 0x0000000081900000, 0x0000000081900000|100%| O|  |TAMS 0x0000000081900000| PB 0x0000000081800000| Untracked 
|  25|0x0000000081900000, 0x0000000081a00000, 0x0000000081a00000|100%| O|  |TAMS 0x0000000081a00000| PB 0x0000000081900000| Untracked 
|  26|0x0000000081a00000, 0x0000000081b00000, 0x0000000081b00000|100%| O|  |TAMS 0x0000000081b00000| PB 0x0000000081a00000| Untracked 
|  27|0x0000000081b00000, 0x0000000081c00000, 0x0000000081c00000|100%| O|  |TAMS 0x0000000081c00000| PB 0x0000000081b00000| Untracked 
|  28|0x0000000081c00000, 0x0000000081d00000, 0x0000000081d00000|100%| O|  |TAMS 0x0000000081d00000| PB 0x0000000081c00000| Untracked 
|  29|0x0000000081d00000, 0x0000000081e00000, 0x0000000081e00000|100%| O|  |TAMS 0x0000000081e00000| PB 0x0000000081d00000| Untracked 
|  30|0x0000000081e00000, 0x0000000081f00000, 0x0000000081f00000|100%| O|  |TAMS 0x0000000081f00000| PB 0x0000000081e00000| Untracked 
|  31|0x0000000081f00000, 0x0000000082000000, 0x0000000082000000|100%| O|  |TAMS 0x0000000082000000| PB 0x0000000081f00000| Untracked 
|  32|0x0000000082000000, 0x0000000082100000, 0x0000000082100000|100%| O|  |TAMS 0x0000000082100000| PB 0x0000000082000000| Untracked 
|  33|0x0000000082100000, 0x0000000082200000, 0x0000000082200000|100%| O|  |TAMS 0x0000000082200000| PB 0x0000000082100000| Untracked 
|  34|0x0000000082200000, 0x0000000082300000, 0x0000000082300000|100%| O|  |TAMS 0x0000000082300000| PB 0x0000000082200000| Untracked 
|  35|0x0000000082300000, 0x0000000082400000, 0x0000000082400000|100%| O|  |TAMS 0x0000000082400000| PB 0x0000000082300000| Untracked 
|  36|0x0000000082400000, 0x0000000082500000, 0x0000000082500000|100%| O|  |TAMS 0x0000000082500000| PB 0x0000000082400000| Untracked 
|  37|0x0000000082500000, 0x0000000082600000, 0x0000000082600000|100%| O|  |TAMS 0x0000000082600000| PB 0x0000000082500000| Untracked 
|  38|0x0000000082600000, 0x0000000082700000, 0x0000000082700000|100%|HS|  |TAMS 0x0000000082600000| PB 0x0000000082600000| Complete 
|  39|0x0000000082700000, 0x0000000082800000, 0x0000000082800000|100%| O|  |TAMS 0x0000000082800000| PB 0x0000000082700000| Untracked 
|  40|0x0000000082800000, 0x0000000082900000, 0x0000000082900000|100%| O|  |TAMS 0x0000000082900000| PB 0x0000000082800000| Untracked 
|  41|0x0000000082900000, 0x0000000082a00000, 0x0000000082a00000|100%| O|  |TAMS 0x0000000082a00000| PB 0x0000000082900000| Untracked 
|  42|0x0000000082a00000, 0x0000000082b00000, 0x0000000082b00000|100%| O|  |TAMS 0x0000000082b00000| PB 0x0000000082a00000| Untracked 
|  43|0x0000000082b00000, 0x0000000082c00000, 0x0000000082c00000|100%| O|  |TAMS 0x0000000082c00000| PB 0x0000000082b00000| Untracked 
|  44|0x0000000082c00000, 0x0000000082d00000, 0x0000000082d00000|100%| O|  |TAMS 0x0000000082d00000| PB 0x0000000082c00000| Untracked 
|  45|0x0000000082d00000, 0x0000000082e00000, 0x0000000082e00000|100%|HS|  |TAMS 0x0000000082d00000| PB 0x0000000082d00000| Complete 
|  46|0x0000000082e00000, 0x0000000082f00000, 0x0000000082f00000|100%|HS|  |TAMS 0x0000000082e00000| PB 0x0000000082e00000| Complete 
|  47|0x0000000082f00000, 0x0000000083000000, 0x0000000083000000|100%| O|  |TAMS 0x0000000083000000| PB 0x0000000082f00000| Untracked 
|  48|0x0000000083000000, 0x0000000083100000, 0x0000000083100000|100%|HS|  |TAMS 0x0000000083100000| PB 0x0000000083000000| Complete 
|  49|0x0000000083100000, 0x0000000083200000, 0x0000000083200000|100%|HS|  |TAMS 0x0000000083200000| PB 0x0000000083100000| Complete 
|  50|0x0000000083200000, 0x0000000083300000, 0x0000000083300000|100%|HS|  |TAMS 0x0000000083300000| PB 0x0000000083200000| Complete 
|  51|0x0000000083300000, 0x0000000083400000, 0x0000000083400000|100%|HS|  |TAMS 0x0000000083400000| PB 0x0000000083300000| Complete 
|  52|0x0000000083400000, 0x0000000083500000, 0x0000000083500000|100%| O|  |TAMS 0x0000000083500000| PB 0x0000000083400000| Untracked 
|  53|0x0000000083500000, 0x0000000083600000, 0x0000000083600000|100%|HS|  |TAMS 0x0000000083600000| PB 0x0000000083500000| Complete 
|  54|0x0000000083600000, 0x0000000083700000, 0x0000000083700000|100%| O|  |TAMS 0x0000000083700000| PB 0x0000000083600000| Untracked 
|  55|0x0000000083700000, 0x0000000083800000, 0x0000000083800000|100%| O|  |TAMS 0x0000000083800000| PB 0x0000000083700000| Untracked 
|  56|0x0000000083800000, 0x0000000083900000, 0x0000000083900000|100%| O|  |TAMS 0x0000000083900000| PB 0x0000000083800000| Untracked 
|  57|0x0000000083900000, 0x0000000083a00000, 0x0000000083a00000|100%| O|  |TAMS 0x0000000083a00000| PB 0x0000000083900000| Untracked 
|  58|0x0000000083a00000, 0x0000000083b00000, 0x0000000083b00000|100%|HS|  |TAMS 0x0000000083b00000| PB 0x0000000083a00000| Complete 
|  59|0x0000000083b00000, 0x0000000083c00000, 0x0000000083c00000|100%| O|  |TAMS 0x0000000083c00000| PB 0x0000000083b00000| Untracked 
|  60|0x0000000083c00000, 0x0000000083d00000, 0x0000000083d00000|100%| O|  |TAMS 0x0000000083d00000| PB 0x0000000083c00000| Untracked 
|  61|0x0000000083d00000, 0x0000000083e00000, 0x0000000083e00000|100%| O|  |TAMS 0x0000000083e00000| PB 0x0000000083d00000| Untracked 
|  62|0x0000000083e00000, 0x0000000083f00000, 0x0000000083f00000|100%| O|  |TAMS 0x0000000083f00000| PB 0x0000000083e00000| Untracked 
|  63|0x0000000083f00000, 0x0000000084000000, 0x0000000084000000|100%|HS|  |TAMS 0x0000000084000000| PB 0x0000000083f00000| Complete 
|  64|0x0000000084000000, 0x0000000084100000, 0x0000000084100000|100%| O|  |TAMS 0x0000000084100000| PB 0x0000000084000000| Untracked 
|  65|0x0000000084100000, 0x0000000084200000, 0x0000000084200000|100%| O|  |TAMS 0x0000000084200000| PB 0x0000000084100000| Untracked 
|  66|0x0000000084200000, 0x0000000084300000, 0x0000000084300000|100%| O|  |TAMS 0x0000000084300000| PB 0x0000000084200000| Untracked 
|  67|0x0000000084300000, 0x0000000084400000, 0x0000000084400000|100%| O|  |TAMS 0x0000000084400000| PB 0x0000000084300000| Untracked 
|  68|0x0000000084400000, 0x0000000084500000, 0x0000000084500000|100%| O|  |TAMS 0x0000000084500000| PB 0x0000000084400000| Untracked 
|  69|0x0000000084500000, 0x0000000084600000, 0x0000000084600000|100%| O|  |TAMS 0x0000000084600000| PB 0x0000000084500000| Untracked 
|  70|0x0000000084600000, 0x0000000084700000, 0x0000000084700000|100%| O|  |TAMS 0x0000000084700000| PB 0x0000000084600000| Untracked 
|  71|0x0000000084700000, 0x0000000084800000, 0x0000000084800000|100%| O|  |TAMS 0x0000000084800000| PB 0x0000000084700000| Untracked 
|  72|0x0000000084800000, 0x0000000084900000, 0x0000000084900000|100%| O|  |TAMS 0x0000000084900000| PB 0x0000000084800000| Untracked 
|  73|0x0000000084900000, 0x0000000084a00000, 0x0000000084a00000|100%| O|  |TAMS 0x0000000084a00000| PB 0x0000000084900000| Untracked 
|  74|0x0000000084a00000, 0x0000000084b00000, 0x0000000084b00000|100%| O|  |TAMS 0x0000000084b00000| PB 0x0000000084a00000| Untracked 
|  75|0x0000000084b00000, 0x0000000084c00000, 0x0000000084c00000|100%| O|  |TAMS 0x0000000084c00000| PB 0x0000000084b00000| Untracked 
|  76|0x0000000084c00000, 0x0000000084d00000, 0x0000000084d00000|100%| O|  |TAMS 0x0000000084d00000| PB 0x0000000084c00000| Untracked 
|  77|0x0000000084d00000, 0x0000000084e00000, 0x0000000084e00000|100%| O|  |TAMS 0x0000000084e00000| PB 0x0000000084d00000| Untracked 
|  78|0x0000000084e00000, 0x0000000084f00000, 0x0000000084f00000|100%| O|  |TAMS 0x0000000084f00000| PB 0x0000000084e00000| Untracked 
|  79|0x0000000084f00000, 0x0000000085000000, 0x0000000085000000|100%| O|  |TAMS 0x0000000085000000| PB 0x0000000084f00000| Untracked 
|  80|0x0000000085000000, 0x0000000085000000, 0x0000000085100000|  0%| F|  |TAMS 0x0000000085000000| PB 0x0000000085000000| Untracked 
|  81|0x0000000085100000, 0x0000000085200000, 0x0000000085200000|100%|HS|  |TAMS 0x0000000085200000| PB 0x0000000085100000| Complete 
|  82|0x0000000085200000, 0x0000000085300000, 0x0000000085300000|100%|HC|  |TAMS 0x0000000085300000| PB 0x0000000085200000| Complete 
|  83|0x0000000085300000, 0x0000000085400000, 0x0000000085400000|100%|HC|  |TAMS 0x0000000085400000| PB 0x0000000085300000| Complete 
|  84|0x0000000085400000, 0x0000000085500000, 0x0000000085500000|100%|HC|  |TAMS 0x0000000085500000| PB 0x0000000085400000| Complete 
|  85|0x0000000085500000, 0x0000000085600000, 0x0000000085600000|100%|HC|  |TAMS 0x0000000085600000| PB 0x0000000085500000| Complete 
|  86|0x0000000085600000, 0x0000000085700000, 0x0000000085700000|100%|HC|  |TAMS 0x0000000085700000| PB 0x0000000085600000| Complete 
|  87|0x0000000085700000, 0x0000000085800000, 0x0000000085800000|100%|HS|  |TAMS 0x0000000085800000| PB 0x0000000085700000| Complete 
|  88|0x0000000085800000, 0x0000000085900000, 0x0000000085900000|100%|HC|  |TAMS 0x0000000085900000| PB 0x0000000085800000| Complete 
|  89|0x0000000085900000, 0x0000000085a00000, 0x0000000085a00000|100%|HC|  |TAMS 0x0000000085a00000| PB 0x0000000085900000| Complete 
|  90|0x0000000085a00000, 0x0000000085b00000, 0x0000000085b00000|100%|HC|  |TAMS 0x0000000085b00000| PB 0x0000000085a00000| Complete 
|  91|0x0000000085b00000, 0x0000000085c00000, 0x0000000085c00000|100%|HS|  |TAMS 0x0000000085c00000| PB 0x0000000085b00000| Complete 
|  92|0x0000000085c00000, 0x0000000085d00000, 0x0000000085d00000|100%|HC|  |TAMS 0x0000000085d00000| PB 0x0000000085c00000| Complete 
|  93|0x0000000085d00000, 0x0000000085e00000, 0x0000000085e00000|100%|HS|  |TAMS 0x0000000085e00000| PB 0x0000000085d00000| Complete 
|  94|0x0000000085e00000, 0x0000000085f00000, 0x0000000085f00000|100%|HS|  |TAMS 0x0000000085f00000| PB 0x0000000085e00000| Complete 
|  95|0x0000000085f00000, 0x0000000086000000, 0x0000000086000000|100%|HC|  |TAMS 0x0000000086000000| PB 0x0000000085f00000| Complete 
|  96|0x0000000086000000, 0x0000000086100000, 0x0000000086100000|100%|HS|  |TAMS 0x0000000086100000| PB 0x0000000086000000| Complete 
|  97|0x0000000086100000, 0x0000000086200000, 0x0000000086200000|100%|HC|  |TAMS 0x0000000086200000| PB 0x0000000086100000| Complete 
|  98|0x0000000086200000, 0x0000000086300000, 0x0000000086300000|100%|HS|  |TAMS 0x0000000086300000| PB 0x0000000086200000| Complete 
|  99|0x0000000086300000, 0x0000000086400000, 0x0000000086400000|100%|HS|  |TAMS 0x0000000086400000| PB 0x0000000086300000| Complete 
| 100|0x0000000086400000, 0x0000000086500000, 0x0000000086500000|100%|HC|  |TAMS 0x0000000086500000| PB 0x0000000086400000| Complete 
| 101|0x0000000086500000, 0x0000000086600000, 0x0000000086600000|100%|HS|  |TAMS 0x0000000086600000| PB 0x0000000086500000| Complete 
| 102|0x0000000086600000, 0x0000000086700000, 0x0000000086700000|100%|HC|  |TAMS 0x0000000086700000| PB 0x0000000086600000| Complete 
| 103|0x0000000086700000, 0x0000000086800000, 0x0000000086800000|100%|HC|  |TAMS 0x0000000086800000| PB 0x0000000086700000| Complete 
| 104|0x0000000086800000, 0x0000000086900000, 0x0000000086900000|100%|HC|  |TAMS 0x0000000086900000| PB 0x0000000086800000| Complete 
| 105|0x0000000086900000, 0x0000000086a00000, 0x0000000086a00000|100%|HC|  |TAMS 0x0000000086a00000| PB 0x0000000086900000| Complete 
| 106|0x0000000086a00000, 0x0000000086b00000, 0x0000000086b00000|100%|HC|  |TAMS 0x0000000086b00000| PB 0x0000000086a00000| Complete 
| 107|0x0000000086b00000, 0x0000000086c00000, 0x0000000086c00000|100%|HS|  |TAMS 0x0000000086c00000| PB 0x0000000086b00000| Complete 
| 108|0x0000000086c00000, 0x0000000086d00000, 0x0000000086d00000|100%|HC|  |TAMS 0x0000000086d00000| PB 0x0000000086c00000| Complete 
| 109|0x0000000086d00000, 0x0000000086e00000, 0x0000000086e00000|100%|HC|  |TAMS 0x0000000086e00000| PB 0x0000000086d00000| Complete 
| 110|0x0000000086e00000, 0x0000000086f00000, 0x0000000086f00000|100%|HC|  |TAMS 0x0000000086f00000| PB 0x0000000086e00000| Complete 
| 111|0x0000000086f00000, 0x0000000087000000, 0x0000000087000000|100%|HC|  |TAMS 0x0000000087000000| PB 0x0000000086f00000| Complete 
| 112|0x0000000087000000, 0x0000000087100000, 0x0000000087100000|100%|HC|  |TAMS 0x0000000087100000| PB 0x0000000087000000| Complete 
| 113|0x0000000087100000, 0x0000000087200000, 0x0000000087200000|100%|HS|  |TAMS 0x0000000087200000| PB 0x0000000087100000| Complete 
| 114|0x0000000087200000, 0x0000000087300000, 0x0000000087300000|100%|HS|  |TAMS 0x0000000087300000| PB 0x0000000087200000| Complete 
| 115|0x0000000087300000, 0x0000000087400000, 0x0000000087400000|100%|HC|  |TAMS 0x0000000087400000| PB 0x0000000087300000| Complete 
| 116|0x0000000087400000, 0x0000000087500000, 0x0000000087500000|100%|HC|  |TAMS 0x0000000087500000| PB 0x0000000087400000| Complete 
| 117|0x0000000087500000, 0x0000000087600000, 0x0000000087600000|100%|HC|  |TAMS 0x0000000087600000| PB 0x0000000087500000| Complete 
| 118|0x0000000087600000, 0x0000000087700000, 0x0000000087700000|100%|HC|  |TAMS 0x0000000087700000| PB 0x0000000087600000| Complete 
| 119|0x0000000087700000, 0x0000000087800000, 0x0000000087800000|100%|HC|  |TAMS 0x0000000087800000| PB 0x0000000087700000| Complete 
| 120|0x0000000087800000, 0x0000000087900000, 0x0000000087900000|100%|HS|  |TAMS 0x0000000087900000| PB 0x0000000087800000| Complete 
| 121|0x0000000087900000, 0x0000000087a00000, 0x0000000087a00000|100%|HC|  |TAMS 0x0000000087a00000| PB 0x0000000087900000| Complete 
| 122|0x0000000087a00000, 0x0000000087b00000, 0x0000000087b00000|100%|HC|  |TAMS 0x0000000087b00000| PB 0x0000000087a00000| Complete 
| 123|0x0000000087b00000, 0x0000000087c00000, 0x0000000087c00000|100%|HC|  |TAMS 0x0000000087c00000| PB 0x0000000087b00000| Complete 
| 124|0x0000000087c00000, 0x0000000087d00000, 0x0000000087d00000|100%| O|  |TAMS 0x0000000087d00000| PB 0x0000000087c00000| Untracked 
| 125|0x0000000087d00000, 0x0000000087d00000, 0x0000000087e00000|  0%| F|  |TAMS 0x0000000087d00000| PB 0x0000000087d00000| Untracked 
| 126|0x0000000087e00000, 0x0000000087f00000, 0x0000000087f00000|100%| O|  |TAMS 0x0000000087f00000| PB 0x0000000087e00000| Untracked 
| 127|0x0000000087f00000, 0x0000000087f00000, 0x0000000088000000|  0%| F|  |TAMS 0x0000000087f00000| PB 0x0000000087f00000| Untracked 
| 128|0x0000000088000000, 0x0000000088100000, 0x0000000088100000|100%| O|  |TAMS 0x0000000088100000| PB 0x0000000088000000| Untracked 
| 129|0x0000000088100000, 0x0000000088200000, 0x0000000088200000|100%|HS|  |TAMS 0x0000000088200000| PB 0x0000000088100000| Complete 
| 130|0x0000000088200000, 0x0000000088300000, 0x0000000088300000|100%| O|  |TAMS 0x0000000088300000| PB 0x0000000088200000| Untracked 
| 131|0x0000000088300000, 0x0000000088400000, 0x0000000088400000|100%| O|  |TAMS 0x0000000088400000| PB 0x0000000088300000| Untracked 
| 132|0x0000000088400000, 0x0000000088500000, 0x0000000088500000|100%| O|  |TAMS 0x0000000088500000| PB 0x0000000088400000| Untracked 
| 133|0x0000000088500000, 0x0000000088600000, 0x0000000088600000|100%| O|  |TAMS 0x0000000088600000| PB 0x0000000088500000| Untracked 
| 134|0x0000000088600000, 0x0000000088600000, 0x0000000088700000|  0%| F|  |TAMS 0x0000000088600000| PB 0x0000000088600000| Untracked 
| 135|0x0000000088700000, 0x0000000088785308, 0x0000000088800000| 52%| O|  |TAMS 0x0000000088785308| PB 0x0000000088700000| Untracked 
| 136|0x0000000088800000, 0x0000000088800000, 0x0000000088900000|  0%| F|  |TAMS 0x0000000088800000| PB 0x0000000088800000| Untracked 
| 137|0x0000000088900000, 0x0000000088a00000, 0x0000000088a00000|100%| O|  |TAMS 0x0000000088a00000| PB 0x0000000088900000| Untracked 
| 138|0x0000000088a00000, 0x0000000088b00000, 0x0000000088b00000|100%| O|  |TAMS 0x0000000088b00000| PB 0x0000000088a00000| Untracked 
| 139|0x0000000088b00000, 0x0000000088c00000, 0x0000000088c00000|100%| O|  |TAMS 0x0000000088c00000| PB 0x0000000088b00000| Untracked 
| 140|0x0000000088c00000, 0x0000000088c00000, 0x0000000088d00000|  0%| F|  |TAMS 0x0000000088c00000| PB 0x0000000088c00000| Untracked 
| 141|0x0000000088d00000, 0x0000000088e00000, 0x0000000088e00000|100%| O|  |TAMS 0x0000000088e00000| PB 0x0000000088d00000| Untracked 
| 142|0x0000000088e00000, 0x0000000088f00000, 0x0000000088f00000|100%| O|  |TAMS 0x0000000088f00000| PB 0x0000000088e00000| Untracked 
| 143|0x0000000088f00000, 0x0000000089000000, 0x0000000089000000|100%| O|  |TAMS 0x0000000089000000| PB 0x0000000088f00000| Untracked 
| 144|0x0000000089000000, 0x0000000089100000, 0x0000000089100000|100%| O|  |TAMS 0x0000000089100000| PB 0x0000000089000000| Untracked 
| 145|0x0000000089100000, 0x0000000089200000, 0x0000000089200000|100%| O|  |TAMS 0x0000000089200000| PB 0x0000000089100000| Untracked 
| 146|0x0000000089200000, 0x0000000089300000, 0x0000000089300000|100%| O|  |TAMS 0x0000000089300000| PB 0x0000000089200000| Untracked 
| 147|0x0000000089300000, 0x0000000089400000, 0x0000000089400000|100%| O|  |TAMS 0x0000000089400000| PB 0x0000000089300000| Untracked 
| 148|0x0000000089400000, 0x0000000089500000, 0x0000000089500000|100%| O|  |TAMS 0x0000000089500000| PB 0x0000000089400000| Untracked 
| 149|0x0000000089500000, 0x0000000089600000, 0x0000000089600000|100%| O|  |TAMS 0x0000000089600000| PB 0x0000000089500000| Untracked 
| 150|0x0000000089600000, 0x0000000089700000, 0x0000000089700000|100%| O|  |TAMS 0x0000000089700000| PB 0x0000000089600000| Untracked 
| 151|0x0000000089700000, 0x0000000089800000, 0x0000000089800000|100%| O|  |TAMS 0x0000000089800000| PB 0x0000000089700000| Untracked 
| 152|0x0000000089800000, 0x0000000089900000, 0x0000000089900000|100%| O|  |TAMS 0x0000000089900000| PB 0x0000000089800000| Untracked 
| 153|0x0000000089900000, 0x0000000089a00000, 0x0000000089a00000|100%| O|  |TAMS 0x0000000089a00000| PB 0x0000000089900000| Untracked 
| 154|0x0000000089a00000, 0x0000000089b00000, 0x0000000089b00000|100%| O|  |TAMS 0x0000000089b00000| PB 0x0000000089a00000| Untracked 
| 155|0x0000000089b00000, 0x0000000089c00000, 0x0000000089c00000|100%| O|  |TAMS 0x0000000089c00000| PB 0x0000000089b00000| Untracked 
| 156|0x0000000089c00000, 0x0000000089c00000, 0x0000000089d00000|  0%| F|  |TAMS 0x0000000089c00000| PB 0x0000000089c00000| Untracked 
| 157|0x0000000089d00000, 0x0000000089e00000, 0x0000000089e00000|100%| O|  |TAMS 0x0000000089e00000| PB 0x0000000089d00000| Untracked 
| 158|0x0000000089e00000, 0x0000000089f00000, 0x0000000089f00000|100%| O|  |TAMS 0x0000000089f00000| PB 0x0000000089e00000| Untracked 
| 159|0x0000000089f00000, 0x000000008a000000, 0x000000008a000000|100%| O|  |TAMS 0x000000008a000000| PB 0x0000000089f00000| Untracked 
| 160|0x000000008a000000, 0x000000008a000000, 0x000000008a100000|  0%| F|  |TAMS 0x000000008a000000| PB 0x000000008a000000| Untracked 
| 161|0x000000008a100000, 0x000000008a100000, 0x000000008a200000|  0%| F|  |TAMS 0x000000008a100000| PB 0x000000008a100000| Untracked 
| 162|0x000000008a200000, 0x000000008a300000, 0x000000008a300000|100%| O|  |TAMS 0x000000008a300000| PB 0x000000008a200000| Untracked 
| 163|0x000000008a300000, 0x000000008a400000, 0x000000008a400000|100%| O|  |TAMS 0x000000008a400000| PB 0x000000008a300000| Untracked 
| 164|0x000000008a400000, 0x000000008a500000, 0x000000008a500000|100%| O|  |TAMS 0x000000008a500000| PB 0x000000008a400000| Untracked 
| 165|0x000000008a500000, 0x000000008a600000, 0x000000008a600000|100%| O|  |TAMS 0x000000008a600000| PB 0x000000008a500000| Untracked 
| 166|0x000000008a600000, 0x000000008a700000, 0x000000008a700000|100%| O|  |TAMS 0x000000008a700000| PB 0x000000008a600000| Untracked 
| 167|0x000000008a700000, 0x000000008a800000, 0x000000008a800000|100%| O|  |TAMS 0x000000008a800000| PB 0x000000008a700000| Untracked 
| 168|0x000000008a800000, 0x000000008a800000, 0x000000008a900000|  0%| F|  |TAMS 0x000000008a800000| PB 0x000000008a800000| Untracked 
| 169|0x000000008a900000, 0x000000008aa00000, 0x000000008aa00000|100%| O|  |TAMS 0x000000008aa00000| PB 0x000000008a900000| Untracked 
| 170|0x000000008aa00000, 0x000000008ab00000, 0x000000008ab00000|100%| O|  |TAMS 0x000000008ab00000| PB 0x000000008aa00000| Untracked 
| 171|0x000000008ab00000, 0x000000008ac00000, 0x000000008ac00000|100%| O|  |TAMS 0x000000008ac00000| PB 0x000000008ab00000| Untracked 
| 172|0x000000008ac00000, 0x000000008ad00000, 0x000000008ad00000|100%| O|  |TAMS 0x000000008ad00000| PB 0x000000008ac00000| Untracked 
| 173|0x000000008ad00000, 0x000000008ad00000, 0x000000008ae00000|  0%| F|  |TAMS 0x000000008ad00000| PB 0x000000008ad00000| Untracked 
| 174|0x000000008ae00000, 0x000000008af00000, 0x000000008af00000|100%| O|  |TAMS 0x000000008af00000| PB 0x000000008ae00000| Untracked 
| 175|0x000000008af00000, 0x000000008af00000, 0x000000008b000000|  0%| F|  |TAMS 0x000000008af00000| PB 0x000000008af00000| Untracked 
| 176|0x000000008b000000, 0x000000008b100000, 0x000000008b100000|100%| O|  |TAMS 0x000000008b100000| PB 0x000000008b000000| Untracked 
| 177|0x000000008b100000, 0x000000008b100000, 0x000000008b200000|  0%| F|  |TAMS 0x000000008b100000| PB 0x000000008b100000| Untracked 
| 178|0x000000008b200000, 0x000000008b200000, 0x000000008b300000|  0%| F|  |TAMS 0x000000008b200000| PB 0x000000008b200000| Untracked 
| 179|0x000000008b300000, 0x000000008b400000, 0x000000008b400000|100%| O|  |TAMS 0x000000008b400000| PB 0x000000008b300000| Untracked 
| 180|0x000000008b400000, 0x000000008b400000, 0x000000008b500000|  0%| F|  |TAMS 0x000000008b400000| PB 0x000000008b400000| Untracked 
| 181|0x000000008b500000, 0x000000008b600000, 0x000000008b600000|100%| O|  |TAMS 0x000000008b600000| PB 0x000000008b500000| Untracked 
| 182|0x000000008b600000, 0x000000008b700000, 0x000000008b700000|100%| O|  |TAMS 0x000000008b700000| PB 0x000000008b600000| Untracked 
| 183|0x000000008b700000, 0x000000008b800000, 0x000000008b800000|100%| O|  |TAMS 0x000000008b800000| PB 0x000000008b700000| Untracked 
| 184|0x000000008b800000, 0x000000008b900000, 0x000000008b900000|100%| O|  |TAMS 0x000000008b900000| PB 0x000000008b800000| Untracked 
| 185|0x000000008b900000, 0x000000008ba00000, 0x000000008ba00000|100%| O|  |TAMS 0x000000008ba00000| PB 0x000000008b900000| Untracked 
| 186|0x000000008ba00000, 0x000000008bb00000, 0x000000008bb00000|100%| O|  |TAMS 0x000000008bb00000| PB 0x000000008ba00000| Untracked 
| 187|0x000000008bb00000, 0x000000008bc00000, 0x000000008bc00000|100%| O|  |TAMS 0x000000008bc00000| PB 0x000000008bb00000| Untracked 
| 188|0x000000008bc00000, 0x000000008bd00000, 0x000000008bd00000|100%| O|  |TAMS 0x000000008bd00000| PB 0x000000008bc00000| Untracked 
| 189|0x000000008bd00000, 0x000000008be00000, 0x000000008be00000|100%| O|  |TAMS 0x000000008be00000| PB 0x000000008bd00000| Untracked 
| 190|0x000000008be00000, 0x000000008be00000, 0x000000008bf00000|  0%| F|  |TAMS 0x000000008be00000| PB 0x000000008be00000| Untracked 
| 191|0x000000008bf00000, 0x000000008bf00000, 0x000000008c000000|  0%| F|  |TAMS 0x000000008bf00000| PB 0x000000008bf00000| Untracked 
| 192|0x000000008c000000, 0x000000008c100000, 0x000000008c100000|100%| O|  |TAMS 0x000000008c100000| PB 0x000000008c000000| Untracked 
| 193|0x000000008c100000, 0x000000008c200000, 0x000000008c200000|100%|HS|  |TAMS 0x000000008c100000| PB 0x000000008c100000| Complete 
| 194|0x000000008c200000, 0x000000008c300000, 0x000000008c300000|100%|HC|  |TAMS 0x000000008c200000| PB 0x000000008c200000| Complete 
| 195|0x000000008c300000, 0x000000008c400000, 0x000000008c400000|100%|HC|  |TAMS 0x000000008c300000| PB 0x000000008c300000| Complete 
| 196|0x000000008c400000, 0x000000008c400000, 0x000000008c500000|  0%| F|  |TAMS 0x000000008c400000| PB 0x000000008c400000| Untracked 
| 197|0x000000008c500000, 0x000000008c500000, 0x000000008c600000|  0%| F|  |TAMS 0x000000008c500000| PB 0x000000008c500000| Untracked 
| 198|0x000000008c600000, 0x000000008c600000, 0x000000008c700000|  0%| F|  |TAMS 0x000000008c600000| PB 0x000000008c600000| Untracked 
| 199|0x000000008c700000, 0x000000008c700000, 0x000000008c800000|  0%| F|  |TAMS 0x000000008c700000| PB 0x000000008c700000| Untracked 
| 200|0x000000008c800000, 0x000000008c800000, 0x000000008c900000|  0%| F|  |TAMS 0x000000008c800000| PB 0x000000008c800000| Untracked 
| 201|0x000000008c900000, 0x000000008c900000, 0x000000008ca00000|  0%| F|  |TAMS 0x000000008c900000| PB 0x000000008c900000| Untracked 
| 202|0x000000008ca00000, 0x000000008ca00000, 0x000000008cb00000|  0%| F|  |TAMS 0x000000008ca00000| PB 0x000000008ca00000| Untracked 
| 203|0x000000008cb00000, 0x000000008cb00000, 0x000000008cc00000|  0%| F|  |TAMS 0x000000008cb00000| PB 0x000000008cb00000| Untracked 
| 204|0x000000008cc00000, 0x000000008cc00000, 0x000000008cd00000|  0%| F|  |TAMS 0x000000008cc00000| PB 0x000000008cc00000| Untracked 
| 205|0x000000008cd00000, 0x000000008cd00000, 0x000000008ce00000|  0%| F|  |TAMS 0x000000008cd00000| PB 0x000000008cd00000| Untracked 
| 206|0x000000008ce00000, 0x000000008ce00000, 0x000000008cf00000|  0%| F|  |TAMS 0x000000008ce00000| PB 0x000000008ce00000| Untracked 
| 207|0x000000008cf00000, 0x000000008cf00000, 0x000000008d000000|  0%| F|  |TAMS 0x000000008cf00000| PB 0x000000008cf00000| Untracked 
| 208|0x000000008d000000, 0x000000008d000000, 0x000000008d100000|  0%| F|  |TAMS 0x000000008d000000| PB 0x000000008d000000| Untracked 
| 209|0x000000008d100000, 0x000000008d100000, 0x000000008d200000|  0%| F|  |TAMS 0x000000008d100000| PB 0x000000008d100000| Untracked 
| 210|0x000000008d200000, 0x000000008d200000, 0x000000008d300000|  0%| F|  |TAMS 0x000000008d200000| PB 0x000000008d200000| Untracked 
| 211|0x000000008d300000, 0x000000008d400000, 0x000000008d400000|100%| O|  |TAMS 0x000000008d400000| PB 0x000000008d300000| Untracked 
| 212|0x000000008d400000, 0x000000008d500000, 0x000000008d500000|100%| O|  |TAMS 0x000000008d500000| PB 0x000000008d400000| Untracked 
| 213|0x000000008d500000, 0x000000008d500000, 0x000000008d600000|  0%| F|  |TAMS 0x000000008d500000| PB 0x000000008d500000| Untracked 
| 214|0x000000008d600000, 0x000000008d700000, 0x000000008d700000|100%| O|  |TAMS 0x000000008d700000| PB 0x000000008d600000| Untracked 
| 215|0x000000008d700000, 0x000000008d800000, 0x000000008d800000|100%| O|  |TAMS 0x000000008d800000| PB 0x000000008d700000| Untracked 
| 216|0x000000008d800000, 0x000000008d800000, 0x000000008d900000|  0%| F|  |TAMS 0x000000008d800000| PB 0x000000008d800000| Untracked 
| 217|0x000000008d900000, 0x000000008d900000, 0x000000008da00000|  0%| F|  |TAMS 0x000000008d900000| PB 0x000000008d900000| Untracked 
| 218|0x000000008da00000, 0x000000008db00000, 0x000000008db00000|100%| O|  |TAMS 0x000000008db00000| PB 0x000000008da00000| Untracked 
| 219|0x000000008db00000, 0x000000008dc00000, 0x000000008dc00000|100%| O|  |TAMS 0x000000008dc00000| PB 0x000000008db00000| Untracked 
| 220|0x000000008dc00000, 0x000000008dc00000, 0x000000008dd00000|  0%| F|  |TAMS 0x000000008dc00000| PB 0x000000008dc00000| Untracked 
| 221|0x000000008dd00000, 0x000000008dd00000, 0x000000008de00000|  0%| F|  |TAMS 0x000000008dd00000| PB 0x000000008dd00000| Untracked 
| 222|0x000000008de00000, 0x000000008df00000, 0x000000008df00000|100%| O|  |TAMS 0x000000008df00000| PB 0x000000008de00000| Untracked 
| 223|0x000000008df00000, 0x000000008df00000, 0x000000008e000000|  0%| F|  |TAMS 0x000000008df00000| PB 0x000000008df00000| Untracked 
| 224|0x000000008e000000, 0x000000008e000000, 0x000000008e100000|  0%| F|  |TAMS 0x000000008e000000| PB 0x000000008e000000| Untracked 
| 225|0x000000008e100000, 0x000000008e100000, 0x000000008e200000|  0%| F|  |TAMS 0x000000008e100000| PB 0x000000008e100000| Untracked 
| 226|0x000000008e200000, 0x000000008e200000, 0x000000008e300000|  0%| F|  |TAMS 0x000000008e200000| PB 0x000000008e200000| Untracked 
| 227|0x000000008e300000, 0x000000008e400000, 0x000000008e400000|100%| O|  |TAMS 0x000000008e400000| PB 0x000000008e300000| Untracked 
| 228|0x000000008e400000, 0x000000008e400000, 0x000000008e500000|  0%| F|  |TAMS 0x000000008e400000| PB 0x000000008e400000| Untracked 
| 229|0x000000008e500000, 0x000000008e500000, 0x000000008e600000|  0%| F|  |TAMS 0x000000008e500000| PB 0x000000008e500000| Untracked 
| 230|0x000000008e600000, 0x000000008e600000, 0x000000008e700000|  0%| F|  |TAMS 0x000000008e600000| PB 0x000000008e600000| Untracked 
| 231|0x000000008e700000, 0x000000008e700000, 0x000000008e800000|  0%| F|  |TAMS 0x000000008e700000| PB 0x000000008e700000| Untracked 
| 232|0x000000008e800000, 0x000000008e800000, 0x000000008e900000|  0%| F|  |TAMS 0x000000008e800000| PB 0x000000008e800000| Untracked 
| 233|0x000000008e900000, 0x000000008ea00000, 0x000000008ea00000|100%| O|  |TAMS 0x000000008ea00000| PB 0x000000008e900000| Untracked 
| 234|0x000000008ea00000, 0x000000008ea00000, 0x000000008eb00000|  0%| F|  |TAMS 0x000000008ea00000| PB 0x000000008ea00000| Untracked 
| 235|0x000000008eb00000, 0x000000008eb00000, 0x000000008ec00000|  0%| F|  |TAMS 0x000000008eb00000| PB 0x000000008eb00000| Untracked 
| 236|0x000000008ec00000, 0x000000008ec00000, 0x000000008ed00000|  0%| F|  |TAMS 0x000000008ec00000| PB 0x000000008ec00000| Untracked 
| 237|0x000000008ed00000, 0x000000008ed00000, 0x000000008ee00000|  0%| F|  |TAMS 0x000000008ed00000| PB 0x000000008ed00000| Untracked 
| 238|0x000000008ee00000, 0x000000008ee00000, 0x000000008ef00000|  0%| F|  |TAMS 0x000000008ee00000| PB 0x000000008ee00000| Untracked 
| 239|0x000000008ef00000, 0x000000008ef00000, 0x000000008f000000|  0%| F|  |TAMS 0x000000008ef00000| PB 0x000000008ef00000| Untracked 
| 240|0x000000008f000000, 0x000000008f100000, 0x000000008f100000|100%| O|  |TAMS 0x000000008f100000| PB 0x000000008f000000| Untracked 
| 241|0x000000008f100000, 0x000000008f200000, 0x000000008f200000|100%| O|  |TAMS 0x000000008f200000| PB 0x000000008f100000| Untracked 
| 242|0x000000008f200000, 0x000000008f200000, 0x000000008f300000|  0%| F|  |TAMS 0x000000008f200000| PB 0x000000008f200000| Untracked 
| 243|0x000000008f300000, 0x000000008f300000, 0x000000008f400000|  0%| F|  |TAMS 0x000000008f300000| PB 0x000000008f300000| Untracked 
| 244|0x000000008f400000, 0x000000008f400000, 0x000000008f500000|  0%| F|  |TAMS 0x000000008f400000| PB 0x000000008f400000| Untracked 
| 245|0x000000008f500000, 0x000000008f500000, 0x000000008f600000|  0%| F|  |TAMS 0x000000008f500000| PB 0x000000008f500000| Untracked 
| 246|0x000000008f600000, 0x000000008f600000, 0x000000008f700000|  0%| F|  |TAMS 0x000000008f600000| PB 0x000000008f600000| Untracked 
| 247|0x000000008f700000, 0x000000008f700000, 0x000000008f800000|  0%| F|  |TAMS 0x000000008f700000| PB 0x000000008f700000| Untracked 
| 248|0x000000008f800000, 0x000000008f800000, 0x000000008f900000|  0%| F|  |TAMS 0x000000008f800000| PB 0x000000008f800000| Untracked 
| 249|0x000000008f900000, 0x000000008f900000, 0x000000008fa00000|  0%| F|  |TAMS 0x000000008f900000| PB 0x000000008f900000| Untracked 
| 250|0x000000008fa00000, 0x000000008fb00000, 0x000000008fb00000|100%| O|  |TAMS 0x000000008fb00000| PB 0x000000008fa00000| Untracked 
| 251|0x000000008fb00000, 0x000000008fb00000, 0x000000008fc00000|  0%| F|  |TAMS 0x000000008fb00000| PB 0x000000008fb00000| Untracked 
| 252|0x000000008fc00000, 0x000000008fc00000, 0x000000008fd00000|  0%| F|  |TAMS 0x000000008fc00000| PB 0x000000008fc00000| Untracked 
| 253|0x000000008fd00000, 0x000000008fd00000, 0x000000008fe00000|  0%| F|  |TAMS 0x000000008fd00000| PB 0x000000008fd00000| Untracked 
| 254|0x000000008fe00000, 0x000000008fe00000, 0x000000008ff00000|  0%| F|  |TAMS 0x000000008fe00000| PB 0x000000008fe00000| Untracked 
| 255|0x000000008ff00000, 0x000000008ff00000, 0x0000000090000000|  0%| F|  |TAMS 0x000000008ff00000| PB 0x000000008ff00000| Untracked 
| 256|0x0000000090000000, 0x0000000090000000, 0x0000000090100000|  0%| F|  |TAMS 0x0000000090000000| PB 0x0000000090000000| Untracked 
| 257|0x0000000090100000, 0x0000000090100000, 0x0000000090200000|  0%| F|  |TAMS 0x0000000090100000| PB 0x0000000090100000| Untracked 
| 258|0x0000000090200000, 0x0000000090200000, 0x0000000090300000|  0%| F|  |TAMS 0x0000000090200000| PB 0x0000000090200000| Untracked 
| 259|0x0000000090300000, 0x0000000090300000, 0x0000000090400000|  0%| F|  |TAMS 0x0000000090300000| PB 0x0000000090300000| Untracked 
| 260|0x0000000090400000, 0x0000000090400000, 0x0000000090500000|  0%| F|  |TAMS 0x0000000090400000| PB 0x0000000090400000| Untracked 
| 261|0x0000000090500000, 0x0000000090500000, 0x0000000090600000|  0%| F|  |TAMS 0x0000000090500000| PB 0x0000000090500000| Untracked 
| 262|0x0000000090600000, 0x0000000090600000, 0x0000000090700000|  0%| F|  |TAMS 0x0000000090600000| PB 0x0000000090600000| Untracked 
| 263|0x0000000090700000, 0x0000000090700000, 0x0000000090800000|  0%| F|  |TAMS 0x0000000090700000| PB 0x0000000090700000| Untracked 
| 264|0x0000000090800000, 0x0000000090800000, 0x0000000090900000|  0%| F|  |TAMS 0x0000000090800000| PB 0x0000000090800000| Untracked 
| 265|0x0000000090900000, 0x0000000090900000, 0x0000000090a00000|  0%| F|  |TAMS 0x0000000090900000| PB 0x0000000090900000| Untracked 
| 266|0x0000000090a00000, 0x0000000090a00000, 0x0000000090b00000|  0%| F|  |TAMS 0x0000000090a00000| PB 0x0000000090a00000| Untracked 
| 267|0x0000000090b00000, 0x0000000090b00000, 0x0000000090c00000|  0%| F|  |TAMS 0x0000000090b00000| PB 0x0000000090b00000| Untracked 
| 268|0x0000000090c00000, 0x0000000090c00000, 0x0000000090d00000|  0%| F|  |TAMS 0x0000000090c00000| PB 0x0000000090c00000| Untracked 
| 269|0x0000000090d00000, 0x0000000090d00000, 0x0000000090e00000|  0%| F|  |TAMS 0x0000000090d00000| PB 0x0000000090d00000| Untracked 
| 270|0x0000000090e00000, 0x0000000090e00000, 0x0000000090f00000|  0%| F|  |TAMS 0x0000000090e00000| PB 0x0000000090e00000| Untracked 
| 271|0x0000000090f00000, 0x0000000090f00000, 0x0000000091000000|  0%| F|  |TAMS 0x0000000090f00000| PB 0x0000000090f00000| Untracked 
| 272|0x0000000091000000, 0x0000000091000000, 0x0000000091100000|  0%| F|  |TAMS 0x0000000091000000| PB 0x0000000091000000| Untracked 
| 273|0x0000000091100000, 0x0000000091100000, 0x0000000091200000|  0%| F|  |TAMS 0x0000000091100000| PB 0x0000000091100000| Untracked 
| 274|0x0000000091200000, 0x0000000091200000, 0x0000000091300000|  0%| F|  |TAMS 0x0000000091200000| PB 0x0000000091200000| Untracked 
| 275|0x0000000091300000, 0x0000000091300000, 0x0000000091400000|  0%| F|  |TAMS 0x0000000091300000| PB 0x0000000091300000| Untracked 
| 276|0x0000000091400000, 0x0000000091400000, 0x0000000091500000|  0%| F|  |TAMS 0x0000000091400000| PB 0x0000000091400000| Untracked 
| 277|0x0000000091500000, 0x0000000091600000, 0x0000000091600000|100%| O|  |TAMS 0x0000000091600000| PB 0x0000000091500000| Untracked 
| 278|0x0000000091600000, 0x0000000091600000, 0x0000000091700000|  0%| F|  |TAMS 0x0000000091600000| PB 0x0000000091600000| Untracked 
| 279|0x0000000091700000, 0x0000000091700000, 0x0000000091800000|  0%| F|  |TAMS 0x0000000091700000| PB 0x0000000091700000| Untracked 
| 280|0x0000000091800000, 0x0000000091800000, 0x0000000091900000|  0%| F|  |TAMS 0x0000000091800000| PB 0x0000000091800000| Untracked 
| 281|0x0000000091900000, 0x0000000091900000, 0x0000000091a00000|  0%| F|  |TAMS 0x0000000091900000| PB 0x0000000091900000| Untracked 
| 282|0x0000000091a00000, 0x0000000091a00000, 0x0000000091b00000|  0%| F|  |TAMS 0x0000000091a00000| PB 0x0000000091a00000| Untracked 
| 283|0x0000000091b00000, 0x0000000091b00000, 0x0000000091c00000|  0%| F|  |TAMS 0x0000000091b00000| PB 0x0000000091b00000| Untracked 
| 284|0x0000000091c00000, 0x0000000091c00000, 0x0000000091d00000|  0%| F|  |TAMS 0x0000000091c00000| PB 0x0000000091c00000| Untracked 
| 285|0x0000000091d00000, 0x0000000091d00000, 0x0000000091e00000|  0%| F|  |TAMS 0x0000000091d00000| PB 0x0000000091d00000| Untracked 
| 286|0x0000000091e00000, 0x0000000091e00000, 0x0000000091f00000|  0%| F|  |TAMS 0x0000000091e00000| PB 0x0000000091e00000| Untracked 
| 287|0x0000000091f00000, 0x0000000091f00000, 0x0000000092000000|  0%| F|  |TAMS 0x0000000091f00000| PB 0x0000000091f00000| Untracked 
| 288|0x0000000092000000, 0x0000000092000000, 0x0000000092100000|  0%| F|  |TAMS 0x0000000092000000| PB 0x0000000092000000| Untracked 
| 289|0x0000000092100000, 0x0000000092100000, 0x0000000092200000|  0%| F|  |TAMS 0x0000000092100000| PB 0x0000000092100000| Untracked 
| 290|0x0000000092200000, 0x0000000092200000, 0x0000000092300000|  0%| F|  |TAMS 0x0000000092200000| PB 0x0000000092200000| Untracked 
| 291|0x0000000092300000, 0x0000000092300000, 0x0000000092400000|  0%| F|  |TAMS 0x0000000092300000| PB 0x0000000092300000| Untracked 
| 292|0x0000000092400000, 0x0000000092400000, 0x0000000092500000|  0%| F|  |TAMS 0x0000000092400000| PB 0x0000000092400000| Untracked 
| 293|0x0000000092500000, 0x0000000092500000, 0x0000000092600000|  0%| F|  |TAMS 0x0000000092500000| PB 0x0000000092500000| Untracked 
| 294|0x0000000092600000, 0x0000000092600000, 0x0000000092700000|  0%| F|  |TAMS 0x0000000092600000| PB 0x0000000092600000| Untracked 
| 295|0x0000000092700000, 0x0000000092700000, 0x0000000092800000|  0%| F|  |TAMS 0x0000000092700000| PB 0x0000000092700000| Untracked 
| 296|0x0000000092800000, 0x0000000092800000, 0x0000000092900000|  0%| F|  |TAMS 0x0000000092800000| PB 0x0000000092800000| Untracked 
| 297|0x0000000092900000, 0x0000000092980000, 0x0000000092a00000| 50%| S|CS|TAMS 0x0000000092900000| PB 0x0000000092900000| Complete 
| 298|0x0000000092a00000, 0x0000000092b00000, 0x0000000092b00000|100%| O|  |TAMS 0x0000000092b00000| PB 0x0000000092a00000| Untracked 
| 299|0x0000000092b00000, 0x0000000092c00000, 0x0000000092c00000|100%| S|CS|TAMS 0x0000000092b00000| PB 0x0000000092b00000| Complete 
| 300|0x0000000092c00000, 0x0000000092d00000, 0x0000000092d00000|100%| O|  |TAMS 0x0000000092d00000| PB 0x0000000092c00000| Untracked 
| 301|0x0000000092d00000, 0x0000000092e00000, 0x0000000092e00000|100%| S|CS|TAMS 0x0000000092d00000| PB 0x0000000092d00000| Complete 
| 302|0x0000000092e00000, 0x0000000092f00000, 0x0000000092f00000|100%| O|  |TAMS 0x0000000092f00000| PB 0x0000000092e00000| Untracked 
| 303|0x0000000092f00000, 0x0000000093000000, 0x0000000093000000|100%| O|  |TAMS 0x0000000093000000| PB 0x0000000092f00000| Untracked 
| 304|0x0000000093000000, 0x0000000093100000, 0x0000000093100000|100%| O|  |TAMS 0x0000000093100000| PB 0x0000000093000000| Untracked 
| 305|0x0000000093100000, 0x0000000093200000, 0x0000000093200000|100%| S|CS|TAMS 0x0000000093100000| PB 0x0000000093100000| Complete 
| 306|0x0000000093200000, 0x0000000093300000, 0x0000000093300000|100%| S|CS|TAMS 0x0000000093200000| PB 0x0000000093200000| Complete 
| 307|0x0000000093300000, 0x0000000093400000, 0x0000000093400000|100%| S|CS|TAMS 0x0000000093300000| PB 0x0000000093300000| Complete 
| 308|0x0000000093400000, 0x0000000093500000, 0x0000000093500000|100%| S|CS|TAMS 0x0000000093400000| PB 0x0000000093400000| Complete 
| 309|0x0000000093500000, 0x0000000093600000, 0x0000000093600000|100%| S|CS|TAMS 0x0000000093500000| PB 0x0000000093500000| Complete 
| 310|0x0000000093600000, 0x0000000093700000, 0x0000000093700000|100%| S|CS|TAMS 0x0000000093600000| PB 0x0000000093600000| Complete 
| 311|0x0000000093700000, 0x0000000093800000, 0x0000000093800000|100%| S|CS|TAMS 0x0000000093700000| PB 0x0000000093700000| Complete 
| 312|0x0000000093800000, 0x0000000093900000, 0x0000000093900000|100%| S|CS|TAMS 0x0000000093800000| PB 0x0000000093800000| Complete 
| 313|0x0000000093900000, 0x0000000093a00000, 0x0000000093a00000|100%| S|CS|TAMS 0x0000000093900000| PB 0x0000000093900000| Complete 
| 314|0x0000000093a00000, 0x0000000093b00000, 0x0000000093b00000|100%| O|  |TAMS 0x0000000093b00000| PB 0x0000000093a00000| Untracked 
| 315|0x0000000093b00000, 0x0000000093c00000, 0x0000000093c00000|100%| S|CS|TAMS 0x0000000093b00000| PB 0x0000000093b00000| Complete 
| 316|0x0000000093c00000, 0x0000000093d00000, 0x0000000093d00000|100%| S|CS|TAMS 0x0000000093c00000| PB 0x0000000093c00000| Complete 
| 317|0x0000000093d00000, 0x0000000093e00000, 0x0000000093e00000|100%| S|CS|TAMS 0x0000000093d00000| PB 0x0000000093d00000| Complete 
| 318|0x0000000093e00000, 0x0000000093f00000, 0x0000000093f00000|100%| S|CS|TAMS 0x0000000093e00000| PB 0x0000000093e00000| Complete 
| 319|0x0000000093f00000, 0x0000000094000000, 0x0000000094000000|100%| S|CS|TAMS 0x0000000093f00000| PB 0x0000000093f00000| Complete 
| 320|0x0000000094000000, 0x0000000094100000, 0x0000000094100000|100%| S|CS|TAMS 0x0000000094000000| PB 0x0000000094000000| Complete 
| 321|0x0000000094100000, 0x0000000094200000, 0x0000000094200000|100%| S|CS|TAMS 0x0000000094100000| PB 0x0000000094100000| Complete 
| 322|0x0000000094200000, 0x0000000094300000, 0x0000000094300000|100%| S|CS|TAMS 0x0000000094200000| PB 0x0000000094200000| Complete 
| 323|0x0000000094300000, 0x0000000094300000, 0x0000000094400000|  0%| F|  |TAMS 0x0000000094300000| PB 0x0000000094300000| Untracked 
| 324|0x0000000094400000, 0x0000000094400000, 0x0000000094500000|  0%| F|  |TAMS 0x0000000094400000| PB 0x0000000094400000| Untracked 
| 325|0x0000000094500000, 0x0000000094500000, 0x0000000094600000|  0%| F|  |TAMS 0x0000000094500000| PB 0x0000000094500000| Untracked 
| 326|0x0000000094600000, 0x0000000094600000, 0x0000000094700000|  0%| F|  |TAMS 0x0000000094600000| PB 0x0000000094600000| Untracked 
| 327|0x0000000094700000, 0x0000000094700000, 0x0000000094800000|  0%| F|  |TAMS 0x0000000094700000| PB 0x0000000094700000| Untracked 
| 328|0x0000000094800000, 0x0000000094800000, 0x0000000094900000|  0%| F|  |TAMS 0x0000000094800000| PB 0x0000000094800000| Untracked 
| 329|0x0000000094900000, 0x0000000094900000, 0x0000000094a00000|  0%| F|  |TAMS 0x0000000094900000| PB 0x0000000094900000| Untracked 
| 330|0x0000000094a00000, 0x0000000094a00000, 0x0000000094b00000|  0%| F|  |TAMS 0x0000000094a00000| PB 0x0000000094a00000| Untracked 
| 331|0x0000000094b00000, 0x0000000094b00000, 0x0000000094c00000|  0%| F|  |TAMS 0x0000000094b00000| PB 0x0000000094b00000| Untracked 
| 332|0x0000000094c00000, 0x0000000094c00000, 0x0000000094d00000|  0%| F|  |TAMS 0x0000000094c00000| PB 0x0000000094c00000| Untracked 
| 333|0x0000000094d00000, 0x0000000094d00000, 0x0000000094e00000|  0%| F|  |TAMS 0x0000000094d00000| PB 0x0000000094d00000| Untracked 
| 334|0x0000000094e00000, 0x0000000094e00000, 0x0000000094f00000|  0%| F|  |TAMS 0x0000000094e00000| PB 0x0000000094e00000| Untracked 
| 335|0x0000000094f00000, 0x0000000094f00000, 0x0000000095000000|  0%| F|  |TAMS 0x0000000094f00000| PB 0x0000000094f00000| Untracked 
| 336|0x0000000095000000, 0x0000000095000000, 0x0000000095100000|  0%| F|  |TAMS 0x0000000095000000| PB 0x0000000095000000| Untracked 
| 337|0x0000000095100000, 0x0000000095100000, 0x0000000095200000|  0%| F|  |TAMS 0x0000000095100000| PB 0x0000000095100000| Untracked 
| 338|0x0000000095200000, 0x0000000095200000, 0x0000000095300000|  0%| F|  |TAMS 0x0000000095200000| PB 0x0000000095200000| Untracked 
| 339|0x0000000095300000, 0x0000000095300000, 0x0000000095400000|  0%| F|  |TAMS 0x0000000095300000| PB 0x0000000095300000| Untracked 
| 340|0x0000000095400000, 0x0000000095400000, 0x0000000095500000|  0%| F|  |TAMS 0x0000000095400000| PB 0x0000000095400000| Untracked 
| 341|0x0000000095500000, 0x0000000095500000, 0x0000000095600000|  0%| F|  |TAMS 0x0000000095500000| PB 0x0000000095500000| Untracked 
| 342|0x0000000095600000, 0x0000000095600000, 0x0000000095700000|  0%| F|  |TAMS 0x0000000095600000| PB 0x0000000095600000| Untracked 
| 343|0x0000000095700000, 0x0000000095700000, 0x0000000095800000|  0%| F|  |TAMS 0x0000000095700000| PB 0x0000000095700000| Untracked 
| 344|0x0000000095800000, 0x0000000095800000, 0x0000000095900000|  0%| F|  |TAMS 0x0000000095800000| PB 0x0000000095800000| Untracked 
| 345|0x0000000095900000, 0x0000000095900000, 0x0000000095a00000|  0%| F|  |TAMS 0x0000000095900000| PB 0x0000000095900000| Untracked 
| 346|0x0000000095a00000, 0x0000000095a00000, 0x0000000095b00000|  0%| F|  |TAMS 0x0000000095a00000| PB 0x0000000095a00000| Untracked 
| 347|0x0000000095b00000, 0x0000000095b00000, 0x0000000095c00000|  0%| F|  |TAMS 0x0000000095b00000| PB 0x0000000095b00000| Untracked 
| 348|0x0000000095c00000, 0x0000000095c00000, 0x0000000095d00000|  0%| F|  |TAMS 0x0000000095c00000| PB 0x0000000095c00000| Untracked 
| 349|0x0000000095d00000, 0x0000000095d00000, 0x0000000095e00000|  0%| F|  |TAMS 0x0000000095d00000| PB 0x0000000095d00000| Untracked 
| 350|0x0000000095e00000, 0x0000000095e00000, 0x0000000095f00000|  0%| F|  |TAMS 0x0000000095e00000| PB 0x0000000095e00000| Untracked 
| 351|0x0000000095f00000, 0x0000000095f00000, 0x0000000096000000|  0%| F|  |TAMS 0x0000000095f00000| PB 0x0000000095f00000| Untracked 
| 352|0x0000000096000000, 0x0000000096000000, 0x0000000096100000|  0%| F|  |TAMS 0x0000000096000000| PB 0x0000000096000000| Untracked 
| 353|0x0000000096100000, 0x0000000096100000, 0x0000000096200000|  0%| F|  |TAMS 0x0000000096100000| PB 0x0000000096100000| Untracked 
| 354|0x0000000096200000, 0x0000000096200000, 0x0000000096300000|  0%| F|  |TAMS 0x0000000096200000| PB 0x0000000096200000| Untracked 
| 355|0x0000000096300000, 0x0000000096300000, 0x0000000096400000|  0%| F|  |TAMS 0x0000000096300000| PB 0x0000000096300000| Untracked 
| 356|0x0000000096400000, 0x0000000096400000, 0x0000000096500000|  0%| F|  |TAMS 0x0000000096400000| PB 0x0000000096400000| Untracked 
| 357|0x0000000096500000, 0x0000000096500000, 0x0000000096600000|  0%| F|  |TAMS 0x0000000096500000| PB 0x0000000096500000| Untracked 
| 358|0x0000000096600000, 0x0000000096600000, 0x0000000096700000|  0%| F|  |TAMS 0x0000000096600000| PB 0x0000000096600000| Untracked 
| 359|0x0000000096700000, 0x0000000096700000, 0x0000000096800000|  0%| F|  |TAMS 0x0000000096700000| PB 0x0000000096700000| Untracked 
| 360|0x0000000096800000, 0x0000000096800000, 0x0000000096900000|  0%| F|  |TAMS 0x0000000096800000| PB 0x0000000096800000| Untracked 
| 361|0x0000000096900000, 0x0000000096900000, 0x0000000096a00000|  0%| F|  |TAMS 0x0000000096900000| PB 0x0000000096900000| Untracked 
| 362|0x0000000096a00000, 0x0000000096a00000, 0x0000000096b00000|  0%| F|  |TAMS 0x0000000096a00000| PB 0x0000000096a00000| Untracked 
| 363|0x0000000096b00000, 0x0000000096b00000, 0x0000000096c00000|  0%| F|  |TAMS 0x0000000096b00000| PB 0x0000000096b00000| Untracked 
| 364|0x0000000096c00000, 0x0000000096c00000, 0x0000000096d00000|  0%| F|  |TAMS 0x0000000096c00000| PB 0x0000000096c00000| Untracked 
| 365|0x0000000096d00000, 0x0000000096d00000, 0x0000000096e00000|  0%| F|  |TAMS 0x0000000096d00000| PB 0x0000000096d00000| Untracked 
| 366|0x0000000096e00000, 0x0000000096e00000, 0x0000000096f00000|  0%| F|  |TAMS 0x0000000096e00000| PB 0x0000000096e00000| Untracked 
| 367|0x0000000096f00000, 0x0000000096f00000, 0x0000000097000000|  0%| F|  |TAMS 0x0000000096f00000| PB 0x0000000096f00000| Untracked 
| 368|0x0000000097000000, 0x0000000097000000, 0x0000000097100000|  0%| F|  |TAMS 0x0000000097000000| PB 0x0000000097000000| Untracked 
| 369|0x0000000097100000, 0x0000000097100000, 0x0000000097200000|  0%| F|  |TAMS 0x0000000097100000| PB 0x0000000097100000| Untracked 
| 370|0x0000000097200000, 0x0000000097200000, 0x0000000097300000|  0%| F|  |TAMS 0x0000000097200000| PB 0x0000000097200000| Untracked 
| 371|0x0000000097300000, 0x0000000097300000, 0x0000000097400000|  0%| F|  |TAMS 0x0000000097300000| PB 0x0000000097300000| Untracked 
| 372|0x0000000097400000, 0x0000000097400000, 0x0000000097500000|  0%| F|  |TAMS 0x0000000097400000| PB 0x0000000097400000| Untracked 
| 373|0x0000000097500000, 0x0000000097500000, 0x0000000097600000|  0%| F|  |TAMS 0x0000000097500000| PB 0x0000000097500000| Untracked 
| 374|0x0000000097600000, 0x0000000097600000, 0x0000000097700000|  0%| F|  |TAMS 0x0000000097600000| PB 0x0000000097600000| Untracked 
| 375|0x0000000097700000, 0x0000000097800000, 0x0000000097800000|100%| O|  |TAMS 0x0000000097800000| PB 0x0000000097700000| Untracked 
| 376|0x0000000097800000, 0x0000000097900000, 0x0000000097900000|100%| O|  |TAMS 0x0000000097900000| PB 0x0000000097800000| Untracked 
| 377|0x0000000097900000, 0x0000000097a00000, 0x0000000097a00000|100%| O|  |TAMS 0x0000000097a00000| PB 0x0000000097900000| Untracked 
| 378|0x0000000097a00000, 0x0000000097b00000, 0x0000000097b00000|100%| O|  |TAMS 0x0000000097b00000| PB 0x0000000097a00000| Untracked 
| 379|0x0000000097b00000, 0x0000000097c00000, 0x0000000097c00000|100%| O|  |TAMS 0x0000000097c00000| PB 0x0000000097b00000| Untracked 
| 380|0x0000000097c00000, 0x0000000097d00000, 0x0000000097d00000|100%| O|  |TAMS 0x0000000097d00000| PB 0x0000000097c00000| Untracked 
| 381|0x0000000097d00000, 0x0000000097d00000, 0x0000000097e00000|  0%| F|  |TAMS 0x0000000097d00000| PB 0x0000000097d00000| Untracked 
| 382|0x0000000097e00000, 0x0000000097e00000, 0x0000000097f00000|  0%| F|  |TAMS 0x0000000097e00000| PB 0x0000000097e00000| Untracked 
| 383|0x0000000097f00000, 0x0000000097f00000, 0x0000000098000000|  0%| F|  |TAMS 0x0000000097f00000| PB 0x0000000097f00000| Untracked 
| 384|0x0000000098000000, 0x0000000098000000, 0x0000000098100000|  0%| F|  |TAMS 0x0000000098000000| PB 0x0000000098000000| Untracked 
| 385|0x0000000098100000, 0x0000000098100000, 0x0000000098200000|  0%| F|  |TAMS 0x0000000098100000| PB 0x0000000098100000| Untracked 
| 386|0x0000000098200000, 0x0000000098200000, 0x0000000098300000|  0%| F|  |TAMS 0x0000000098200000| PB 0x0000000098200000| Untracked 
| 387|0x0000000098300000, 0x0000000098300000, 0x0000000098400000|  0%| F|  |TAMS 0x0000000098300000| PB 0x0000000098300000| Untracked 
| 388|0x0000000098400000, 0x0000000098400000, 0x0000000098500000|  0%| F|  |TAMS 0x0000000098400000| PB 0x0000000098400000| Untracked 
| 389|0x0000000098500000, 0x0000000098500000, 0x0000000098600000|  0%| F|  |TAMS 0x0000000098500000| PB 0x0000000098500000| Untracked 
| 390|0x0000000098600000, 0x0000000098600000, 0x0000000098700000|  0%| F|  |TAMS 0x0000000098600000| PB 0x0000000098600000| Untracked 
| 391|0x0000000098700000, 0x0000000098700000, 0x0000000098800000|  0%| F|  |TAMS 0x0000000098700000| PB 0x0000000098700000| Untracked 
| 392|0x0000000098800000, 0x0000000098800000, 0x0000000098900000|  0%| F|  |TAMS 0x0000000098800000| PB 0x0000000098800000| Untracked 
| 393|0x0000000098900000, 0x0000000098900000, 0x0000000098a00000|  0%| F|  |TAMS 0x0000000098900000| PB 0x0000000098900000| Untracked 
| 394|0x0000000098a00000, 0x0000000098a00000, 0x0000000098b00000|  0%| F|  |TAMS 0x0000000098a00000| PB 0x0000000098a00000| Untracked 
| 395|0x0000000098b00000, 0x0000000098c00000, 0x0000000098c00000|100%|HS|  |TAMS 0x0000000098c00000| PB 0x0000000098b00000| Complete 
| 396|0x0000000098c00000, 0x0000000098d00000, 0x0000000098d00000|100%|HC|  |TAMS 0x0000000098d00000| PB 0x0000000098c00000| Complete 
| 397|0x0000000098d00000, 0x0000000098e00000, 0x0000000098e00000|100%| O|  |TAMS 0x0000000098e00000| PB 0x0000000098d00000| Untracked 
| 398|0x0000000098e00000, 0x0000000098f00000, 0x0000000098f00000|100%| O|  |TAMS 0x0000000098f00000| PB 0x0000000098e00000| Untracked 
| 399|0x0000000098f00000, 0x0000000099000000, 0x0000000099000000|100%| O|  |TAMS 0x0000000099000000| PB 0x0000000098f00000| Untracked 
| 400|0x0000000099000000, 0x0000000099100000, 0x0000000099100000|100%| O|  |TAMS 0x0000000099100000| PB 0x0000000099000000| Untracked 
| 401|0x0000000099100000, 0x0000000099200000, 0x0000000099200000|100%| O|  |TAMS 0x0000000099200000| PB 0x0000000099100000| Untracked 
| 402|0x0000000099200000, 0x0000000099300000, 0x0000000099300000|100%| O|  |TAMS 0x0000000099300000| PB 0x0000000099200000| Untracked 
| 403|0x0000000099300000, 0x0000000099400000, 0x0000000099400000|100%| O|  |TAMS 0x0000000099400000| PB 0x0000000099300000| Untracked 
| 404|0x0000000099400000, 0x0000000099500000, 0x0000000099500000|100%| O|  |TAMS 0x0000000099500000| PB 0x0000000099400000| Untracked 
| 405|0x0000000099500000, 0x0000000099600000, 0x0000000099600000|100%| O|  |TAMS 0x0000000099600000| PB 0x0000000099500000| Untracked 
| 406|0x0000000099600000, 0x0000000099700000, 0x0000000099700000|100%| O|  |TAMS 0x0000000099700000| PB 0x0000000099600000| Untracked 
| 407|0x0000000099700000, 0x0000000099800000, 0x0000000099800000|100%| O|  |TAMS 0x0000000099800000| PB 0x0000000099700000| Untracked 
| 408|0x0000000099800000, 0x0000000099900000, 0x0000000099900000|100%| O|  |TAMS 0x0000000099900000| PB 0x0000000099800000| Untracked 
| 409|0x0000000099900000, 0x0000000099a00000, 0x0000000099a00000|100%| O|  |TAMS 0x0000000099a00000| PB 0x0000000099900000| Untracked 
| 410|0x0000000099a00000, 0x0000000099b00000, 0x0000000099b00000|100%| O|  |TAMS 0x0000000099b00000| PB 0x0000000099a00000| Untracked 
| 411|0x0000000099b00000, 0x0000000099c00000, 0x0000000099c00000|100%| O|  |TAMS 0x0000000099c00000| PB 0x0000000099b00000| Untracked 
| 412|0x0000000099c00000, 0x0000000099d00000, 0x0000000099d00000|100%| O|  |TAMS 0x0000000099d00000| PB 0x0000000099c00000| Untracked 
| 413|0x0000000099d00000, 0x0000000099e00000, 0x0000000099e00000|100%| O|  |TAMS 0x0000000099e00000| PB 0x0000000099d00000| Untracked 
| 414|0x0000000099e00000, 0x0000000099f00000, 0x0000000099f00000|100%| O|  |TAMS 0x0000000099f00000| PB 0x0000000099e00000| Untracked 
| 415|0x0000000099f00000, 0x000000009a000000, 0x000000009a000000|100%| O|  |TAMS 0x000000009a000000| PB 0x0000000099f00000| Untracked 
| 416|0x000000009a000000, 0x000000009a100000, 0x000000009a100000|100%| O|  |TAMS 0x000000009a100000| PB 0x000000009a000000| Untracked 
| 417|0x000000009a100000, 0x000000009a200000, 0x000000009a200000|100%| O|  |TAMS 0x000000009a200000| PB 0x000000009a100000| Untracked 
| 418|0x000000009a200000, 0x000000009a200000, 0x000000009a300000|  0%| F|  |TAMS 0x000000009a200000| PB 0x000000009a200000| Untracked 
| 419|0x000000009a300000, 0x000000009a300000, 0x000000009a400000|  0%| F|  |TAMS 0x000000009a300000| PB 0x000000009a300000| Untracked 
| 420|0x000000009a400000, 0x000000009a400000, 0x000000009a500000|  0%| F|  |TAMS 0x000000009a400000| PB 0x000000009a400000| Untracked 
| 421|0x000000009a500000, 0x000000009a500000, 0x000000009a600000|  0%| F|  |TAMS 0x000000009a500000| PB 0x000000009a500000| Untracked 
| 422|0x000000009a600000, 0x000000009a600000, 0x000000009a700000|  0%| F|  |TAMS 0x000000009a600000| PB 0x000000009a600000| Untracked 
| 423|0x000000009a700000, 0x000000009a700000, 0x000000009a800000|  0%| F|  |TAMS 0x000000009a700000| PB 0x000000009a700000| Untracked 
| 424|0x000000009a800000, 0x000000009a800000, 0x000000009a900000|  0%| F|  |TAMS 0x000000009a800000| PB 0x000000009a800000| Untracked 
| 425|0x000000009a900000, 0x000000009a900000, 0x000000009aa00000|  0%| F|  |TAMS 0x000000009a900000| PB 0x000000009a900000| Untracked 
| 426|0x000000009aa00000, 0x000000009aa00000, 0x000000009ab00000|  0%| F|  |TAMS 0x000000009aa00000| PB 0x000000009aa00000| Untracked 
| 427|0x000000009ab00000, 0x000000009ab00000, 0x000000009ac00000|  0%| F|  |TAMS 0x000000009ab00000| PB 0x000000009ab00000| Untracked 
| 428|0x000000009ac00000, 0x000000009ac00000, 0x000000009ad00000|  0%| F|  |TAMS 0x000000009ac00000| PB 0x000000009ac00000| Untracked 
| 429|0x000000009ad00000, 0x000000009ad00000, 0x000000009ae00000|  0%| F|  |TAMS 0x000000009ad00000| PB 0x000000009ad00000| Untracked 
| 430|0x000000009ae00000, 0x000000009ae00000, 0x000000009af00000|  0%| F|  |TAMS 0x000000009ae00000| PB 0x000000009ae00000| Untracked 
| 431|0x000000009af00000, 0x000000009af00000, 0x000000009b000000|  0%| F|  |TAMS 0x000000009af00000| PB 0x000000009af00000| Untracked 
| 432|0x000000009b000000, 0x000000009b000000, 0x000000009b100000|  0%| F|  |TAMS 0x000000009b000000| PB 0x000000009b000000| Untracked 
| 433|0x000000009b100000, 0x000000009b100000, 0x000000009b200000|  0%| F|  |TAMS 0x000000009b100000| PB 0x000000009b100000| Untracked 
| 434|0x000000009b200000, 0x000000009b200000, 0x000000009b300000|  0%| F|  |TAMS 0x000000009b200000| PB 0x000000009b200000| Untracked 
| 435|0x000000009b300000, 0x000000009b300000, 0x000000009b400000|  0%| F|  |TAMS 0x000000009b300000| PB 0x000000009b300000| Untracked 
| 436|0x000000009b400000, 0x000000009b400000, 0x000000009b500000|  0%| F|  |TAMS 0x000000009b400000| PB 0x000000009b400000| Untracked 
| 437|0x000000009b500000, 0x000000009b500000, 0x000000009b600000|  0%| F|  |TAMS 0x000000009b500000| PB 0x000000009b500000| Untracked 
| 438|0x000000009b600000, 0x000000009b600000, 0x000000009b700000|  0%| F|  |TAMS 0x000000009b600000| PB 0x000000009b600000| Untracked 
| 439|0x000000009b700000, 0x000000009b700000, 0x000000009b800000|  0%| F|  |TAMS 0x000000009b700000| PB 0x000000009b700000| Untracked 
| 440|0x000000009b800000, 0x000000009b800000, 0x000000009b900000|  0%| F|  |TAMS 0x000000009b800000| PB 0x000000009b800000| Untracked 
| 441|0x000000009b900000, 0x000000009b900000, 0x000000009ba00000|  0%| F|  |TAMS 0x000000009b900000| PB 0x000000009b900000| Untracked 
| 442|0x000000009ba00000, 0x000000009ba00000, 0x000000009bb00000|  0%| F|  |TAMS 0x000000009ba00000| PB 0x000000009ba00000| Untracked 
| 443|0x000000009bb00000, 0x000000009bb00000, 0x000000009bc00000|  0%| F|  |TAMS 0x000000009bb00000| PB 0x000000009bb00000| Untracked 
| 444|0x000000009bc00000, 0x000000009bc00000, 0x000000009bd00000|  0%| F|  |TAMS 0x000000009bc00000| PB 0x000000009bc00000| Untracked 
| 445|0x000000009bd00000, 0x000000009bd00000, 0x000000009be00000|  0%| F|  |TAMS 0x000000009bd00000| PB 0x000000009bd00000| Untracked 
| 446|0x000000009be00000, 0x000000009be00000, 0x000000009bf00000|  0%| F|  |TAMS 0x000000009be00000| PB 0x000000009be00000| Untracked 
| 447|0x000000009bf00000, 0x000000009bf00000, 0x000000009c000000|  0%| F|  |TAMS 0x000000009bf00000| PB 0x000000009bf00000| Untracked 
| 448|0x000000009c000000, 0x000000009c000000, 0x000000009c100000|  0%| F|  |TAMS 0x000000009c000000| PB 0x000000009c000000| Untracked 
| 449|0x000000009c100000, 0x000000009c100000, 0x000000009c200000|  0%| F|  |TAMS 0x000000009c100000| PB 0x000000009c100000| Untracked 
| 450|0x000000009c200000, 0x000000009c200000, 0x000000009c300000|  0%| F|  |TAMS 0x000000009c200000| PB 0x000000009c200000| Untracked 
| 451|0x000000009c300000, 0x000000009c300000, 0x000000009c400000|  0%| F|  |TAMS 0x000000009c300000| PB 0x000000009c300000| Untracked 
| 452|0x000000009c400000, 0x000000009c400000, 0x000000009c500000|  0%| F|  |TAMS 0x000000009c400000| PB 0x000000009c400000| Untracked 
| 453|0x000000009c500000, 0x000000009c500000, 0x000000009c600000|  0%| F|  |TAMS 0x000000009c500000| PB 0x000000009c500000| Untracked 
| 454|0x000000009c600000, 0x000000009c600000, 0x000000009c700000|  0%| F|  |TAMS 0x000000009c600000| PB 0x000000009c600000| Untracked 
| 455|0x000000009c700000, 0x000000009c700000, 0x000000009c800000|  0%| F|  |TAMS 0x000000009c700000| PB 0x000000009c700000| Untracked 
| 456|0x000000009c800000, 0x000000009c800000, 0x000000009c900000|  0%| F|  |TAMS 0x000000009c800000| PB 0x000000009c800000| Untracked 
| 457|0x000000009c900000, 0x000000009c900000, 0x000000009ca00000|  0%| F|  |TAMS 0x000000009c900000| PB 0x000000009c900000| Untracked 
| 458|0x000000009ca00000, 0x000000009ca00000, 0x000000009cb00000|  0%| F|  |TAMS 0x000000009ca00000| PB 0x000000009ca00000| Untracked 
| 459|0x000000009cb00000, 0x000000009cb00000, 0x000000009cc00000|  0%| F|  |TAMS 0x000000009cb00000| PB 0x000000009cb00000| Untracked 
| 460|0x000000009cc00000, 0x000000009cc00000, 0x000000009cd00000|  0%| F|  |TAMS 0x000000009cc00000| PB 0x000000009cc00000| Untracked 
| 461|0x000000009cd00000, 0x000000009cd00000, 0x000000009ce00000|  0%| F|  |TAMS 0x000000009cd00000| PB 0x000000009cd00000| Untracked 
| 462|0x000000009ce00000, 0x000000009ce00000, 0x000000009cf00000|  0%| F|  |TAMS 0x000000009ce00000| PB 0x000000009ce00000| Untracked 
| 463|0x000000009cf00000, 0x000000009cf00000, 0x000000009d000000|  0%| F|  |TAMS 0x000000009cf00000| PB 0x000000009cf00000| Untracked 
| 464|0x000000009d000000, 0x000000009d000000, 0x000000009d100000|  0%| F|  |TAMS 0x000000009d000000| PB 0x000000009d000000| Untracked 
| 465|0x000000009d100000, 0x000000009d100000, 0x000000009d200000|  0%| F|  |TAMS 0x000000009d100000| PB 0x000000009d100000| Untracked 
| 466|0x000000009d200000, 0x000000009d200000, 0x000000009d300000|  0%| F|  |TAMS 0x000000009d200000| PB 0x000000009d200000| Untracked 
| 467|0x000000009d300000, 0x000000009d300000, 0x000000009d400000|  0%| F|  |TAMS 0x000000009d300000| PB 0x000000009d300000| Untracked 
| 468|0x000000009d400000, 0x000000009d400000, 0x000000009d500000|  0%| F|  |TAMS 0x000000009d400000| PB 0x000000009d400000| Untracked 
| 469|0x000000009d500000, 0x000000009d500000, 0x000000009d600000|  0%| F|  |TAMS 0x000000009d500000| PB 0x000000009d500000| Untracked 
| 470|0x000000009d600000, 0x000000009d600000, 0x000000009d700000|  0%| F|  |TAMS 0x000000009d600000| PB 0x000000009d600000| Untracked 
| 471|0x000000009d700000, 0x000000009d700000, 0x000000009d800000|  0%| F|  |TAMS 0x000000009d700000| PB 0x000000009d700000| Untracked 
| 472|0x000000009d800000, 0x000000009d800000, 0x000000009d900000|  0%| F|  |TAMS 0x000000009d800000| PB 0x000000009d800000| Untracked 
| 473|0x000000009d900000, 0x000000009d900000, 0x000000009da00000|  0%| F|  |TAMS 0x000000009d900000| PB 0x000000009d900000| Untracked 
| 474|0x000000009da00000, 0x000000009da00000, 0x000000009db00000|  0%| F|  |TAMS 0x000000009da00000| PB 0x000000009da00000| Untracked 
| 475|0x000000009db00000, 0x000000009db00000, 0x000000009dc00000|  0%| F|  |TAMS 0x000000009db00000| PB 0x000000009db00000| Untracked 
| 476|0x000000009dc00000, 0x000000009dc00000, 0x000000009dd00000|  0%| F|  |TAMS 0x000000009dc00000| PB 0x000000009dc00000| Untracked 
| 477|0x000000009dd00000, 0x000000009dd00000, 0x000000009de00000|  0%| F|  |TAMS 0x000000009dd00000| PB 0x000000009dd00000| Untracked 
| 478|0x000000009de00000, 0x000000009de00000, 0x000000009df00000|  0%| F|  |TAMS 0x000000009de00000| PB 0x000000009de00000| Untracked 
| 479|0x000000009df00000, 0x000000009df00000, 0x000000009e000000|  0%| F|  |TAMS 0x000000009df00000| PB 0x000000009df00000| Untracked 
| 480|0x000000009e000000, 0x000000009e000000, 0x000000009e100000|  0%| F|  |TAMS 0x000000009e000000| PB 0x000000009e000000| Untracked 
| 481|0x000000009e100000, 0x000000009e100000, 0x000000009e200000|  0%| F|  |TAMS 0x000000009e100000| PB 0x000000009e100000| Untracked 
| 482|0x000000009e200000, 0x000000009e200000, 0x000000009e300000|  0%| F|  |TAMS 0x000000009e200000| PB 0x000000009e200000| Untracked 
| 483|0x000000009e300000, 0x000000009e300000, 0x000000009e400000|  0%| F|  |TAMS 0x000000009e300000| PB 0x000000009e300000| Untracked 
| 484|0x000000009e400000, 0x000000009e400000, 0x000000009e500000|  0%| F|  |TAMS 0x000000009e400000| PB 0x000000009e400000| Untracked 
| 485|0x000000009e500000, 0x000000009e500000, 0x000000009e600000|  0%| F|  |TAMS 0x000000009e500000| PB 0x000000009e500000| Untracked 
| 486|0x000000009e600000, 0x000000009e600000, 0x000000009e700000|  0%| F|  |TAMS 0x000000009e600000| PB 0x000000009e600000| Untracked 
| 487|0x000000009e700000, 0x000000009e700000, 0x000000009e800000|  0%| F|  |TAMS 0x000000009e700000| PB 0x000000009e700000| Untracked 
| 488|0x000000009e800000, 0x000000009e800000, 0x000000009e900000|  0%| F|  |TAMS 0x000000009e800000| PB 0x000000009e800000| Untracked 
| 489|0x000000009e900000, 0x000000009e900000, 0x000000009ea00000|  0%| F|  |TAMS 0x000000009e900000| PB 0x000000009e900000| Untracked 
| 490|0x000000009ea00000, 0x000000009ea00000, 0x000000009eb00000|  0%| F|  |TAMS 0x000000009ea00000| PB 0x000000009ea00000| Untracked 
| 491|0x000000009eb00000, 0x000000009eb00000, 0x000000009ec00000|  0%| F|  |TAMS 0x000000009eb00000| PB 0x000000009eb00000| Untracked 
| 492|0x000000009ec00000, 0x000000009ec00000, 0x000000009ed00000|  0%| F|  |TAMS 0x000000009ec00000| PB 0x000000009ec00000| Untracked 
| 493|0x000000009ed00000, 0x000000009ed00000, 0x000000009ee00000|  0%| F|  |TAMS 0x000000009ed00000| PB 0x000000009ed00000| Untracked 
| 494|0x000000009ee00000, 0x000000009ee00000, 0x000000009ef00000|  0%| F|  |TAMS 0x000000009ee00000| PB 0x000000009ee00000| Untracked 
| 495|0x000000009ef00000, 0x000000009ef00000, 0x000000009f000000|  0%| F|  |TAMS 0x000000009ef00000| PB 0x000000009ef00000| Untracked 
| 496|0x000000009f000000, 0x000000009f000000, 0x000000009f100000|  0%| F|  |TAMS 0x000000009f000000| PB 0x000000009f000000| Untracked 
| 497|0x000000009f100000, 0x000000009f100000, 0x000000009f200000|  0%| F|  |TAMS 0x000000009f100000| PB 0x000000009f100000| Untracked 
| 498|0x000000009f200000, 0x000000009f200000, 0x000000009f300000|  0%| F|  |TAMS 0x000000009f200000| PB 0x000000009f200000| Untracked 
| 499|0x000000009f300000, 0x000000009f300000, 0x000000009f400000|  0%| F|  |TAMS 0x000000009f300000| PB 0x000000009f300000| Untracked 
| 500|0x000000009f400000, 0x000000009f400000, 0x000000009f500000|  0%| F|  |TAMS 0x000000009f400000| PB 0x000000009f400000| Untracked 
| 501|0x000000009f500000, 0x000000009f500000, 0x000000009f600000|  0%| F|  |TAMS 0x000000009f500000| PB 0x000000009f500000| Untracked 
| 502|0x000000009f600000, 0x000000009f600000, 0x000000009f700000|  0%| F|  |TAMS 0x000000009f600000| PB 0x000000009f600000| Untracked 
| 503|0x000000009f700000, 0x000000009f700000, 0x000000009f800000|  0%| F|  |TAMS 0x000000009f700000| PB 0x000000009f700000| Untracked 
| 504|0x000000009f800000, 0x000000009f800000, 0x000000009f900000|  0%| F|  |TAMS 0x000000009f800000| PB 0x000000009f800000| Untracked 
| 505|0x000000009f900000, 0x000000009f900000, 0x000000009fa00000|  0%| F|  |TAMS 0x000000009f900000| PB 0x000000009f900000| Untracked 
| 506|0x000000009fa00000, 0x000000009fa00000, 0x000000009fb00000|  0%| F|  |TAMS 0x000000009fa00000| PB 0x000000009fa00000| Untracked 
| 507|0x000000009fb00000, 0x000000009fb00000, 0x000000009fc00000|  0%| F|  |TAMS 0x000000009fb00000| PB 0x000000009fb00000| Untracked 
| 508|0x000000009fc00000, 0x000000009fc00000, 0x000000009fd00000|  0%| F|  |TAMS 0x000000009fc00000| PB 0x000000009fc00000| Untracked 
| 509|0x000000009fd00000, 0x000000009fd00000, 0x000000009fe00000|  0%| F|  |TAMS 0x000000009fd00000| PB 0x000000009fd00000| Untracked 
| 510|0x000000009fe00000, 0x000000009fe00000, 0x000000009ff00000|  0%| F|  |TAMS 0x000000009fe00000| PB 0x000000009fe00000| Untracked 
| 511|0x000000009ff00000, 0x000000009ff00000, 0x00000000a0000000|  0%| F|  |TAMS 0x000000009ff00000| PB 0x000000009ff00000| Untracked 
| 512|0x00000000a0000000, 0x00000000a0000000, 0x00000000a0100000|  0%| F|  |TAMS 0x00000000a0000000| PB 0x00000000a0000000| Untracked 
| 513|0x00000000a0100000, 0x00000000a0100000, 0x00000000a0200000|  0%| F|  |TAMS 0x00000000a0100000| PB 0x00000000a0100000| Untracked 
| 514|0x00000000a0200000, 0x00000000a0200000, 0x00000000a0300000|  0%| F|  |TAMS 0x00000000a0200000| PB 0x00000000a0200000| Untracked 
| 515|0x00000000a0300000, 0x00000000a0300000, 0x00000000a0400000|  0%| F|  |TAMS 0x00000000a0300000| PB 0x00000000a0300000| Untracked 
| 516|0x00000000a0400000, 0x00000000a0400000, 0x00000000a0500000|  0%| F|  |TAMS 0x00000000a0400000| PB 0x00000000a0400000| Untracked 
| 517|0x00000000a0500000, 0x00000000a0500000, 0x00000000a0600000|  0%| F|  |TAMS 0x00000000a0500000| PB 0x00000000a0500000| Untracked 
| 518|0x00000000a0600000, 0x00000000a0600000, 0x00000000a0700000|  0%| F|  |TAMS 0x00000000a0600000| PB 0x00000000a0600000| Untracked 
| 519|0x00000000a0700000, 0x00000000a0700000, 0x00000000a0800000|  0%| F|  |TAMS 0x00000000a0700000| PB 0x00000000a0700000| Untracked 
| 520|0x00000000a0800000, 0x00000000a0800000, 0x00000000a0900000|  0%| F|  |TAMS 0x00000000a0800000| PB 0x00000000a0800000| Untracked 
| 521|0x00000000a0900000, 0x00000000a0900000, 0x00000000a0a00000|  0%| F|  |TAMS 0x00000000a0900000| PB 0x00000000a0900000| Untracked 
| 522|0x00000000a0a00000, 0x00000000a0a00000, 0x00000000a0b00000|  0%| F|  |TAMS 0x00000000a0a00000| PB 0x00000000a0a00000| Untracked 
| 523|0x00000000a0b00000, 0x00000000a0b00000, 0x00000000a0c00000|  0%| F|  |TAMS 0x00000000a0b00000| PB 0x00000000a0b00000| Untracked 
| 524|0x00000000a0c00000, 0x00000000a0c00000, 0x00000000a0d00000|  0%| F|  |TAMS 0x00000000a0c00000| PB 0x00000000a0c00000| Untracked 
| 525|0x00000000a0d00000, 0x00000000a0d00000, 0x00000000a0e00000|  0%| F|  |TAMS 0x00000000a0d00000| PB 0x00000000a0d00000| Untracked 
| 526|0x00000000a0e00000, 0x00000000a0e00000, 0x00000000a0f00000|  0%| F|  |TAMS 0x00000000a0e00000| PB 0x00000000a0e00000| Untracked 
| 527|0x00000000a0f00000, 0x00000000a0f00000, 0x00000000a1000000|  0%| F|  |TAMS 0x00000000a0f00000| PB 0x00000000a0f00000| Untracked 
| 528|0x00000000a1000000, 0x00000000a1000000, 0x00000000a1100000|  0%| F|  |TAMS 0x00000000a1000000| PB 0x00000000a1000000| Untracked 
| 529|0x00000000a1100000, 0x00000000a1100000, 0x00000000a1200000|  0%| F|  |TAMS 0x00000000a1100000| PB 0x00000000a1100000| Untracked 
| 530|0x00000000a1200000, 0x00000000a1200000, 0x00000000a1300000|  0%| F|  |TAMS 0x00000000a1200000| PB 0x00000000a1200000| Untracked 
| 531|0x00000000a1300000, 0x00000000a1300000, 0x00000000a1400000|  0%| F|  |TAMS 0x00000000a1300000| PB 0x00000000a1300000| Untracked 
| 532|0x00000000a1400000, 0x00000000a1400000, 0x00000000a1500000|  0%| F|  |TAMS 0x00000000a1400000| PB 0x00000000a1400000| Untracked 
| 533|0x00000000a1500000, 0x00000000a1500000, 0x00000000a1600000|  0%| F|  |TAMS 0x00000000a1500000| PB 0x00000000a1500000| Untracked 
| 534|0x00000000a1600000, 0x00000000a1600000, 0x00000000a1700000|  0%| F|  |TAMS 0x00000000a1600000| PB 0x00000000a1600000| Untracked 
| 535|0x00000000a1700000, 0x00000000a1700000, 0x00000000a1800000|  0%| F|  |TAMS 0x00000000a1700000| PB 0x00000000a1700000| Untracked 
| 536|0x00000000a1800000, 0x00000000a1800000, 0x00000000a1900000|  0%| F|  |TAMS 0x00000000a1800000| PB 0x00000000a1800000| Untracked 
| 537|0x00000000a1900000, 0x00000000a1900000, 0x00000000a1a00000|  0%| F|  |TAMS 0x00000000a1900000| PB 0x00000000a1900000| Untracked 
| 538|0x00000000a1a00000, 0x00000000a1a00000, 0x00000000a1b00000|  0%| F|  |TAMS 0x00000000a1a00000| PB 0x00000000a1a00000| Untracked 
| 539|0x00000000a1b00000, 0x00000000a1b00000, 0x00000000a1c00000|  0%| F|  |TAMS 0x00000000a1b00000| PB 0x00000000a1b00000| Untracked 
| 540|0x00000000a1c00000, 0x00000000a1c00000, 0x00000000a1d00000|  0%| F|  |TAMS 0x00000000a1c00000| PB 0x00000000a1c00000| Untracked 
| 541|0x00000000a1d00000, 0x00000000a1d00000, 0x00000000a1e00000|  0%| F|  |TAMS 0x00000000a1d00000| PB 0x00000000a1d00000| Untracked 
| 542|0x00000000a1e00000, 0x00000000a1e00000, 0x00000000a1f00000|  0%| F|  |TAMS 0x00000000a1e00000| PB 0x00000000a1e00000| Untracked 
| 543|0x00000000a1f00000, 0x00000000a1f00000, 0x00000000a2000000|  0%| F|  |TAMS 0x00000000a1f00000| PB 0x00000000a1f00000| Untracked 
| 544|0x00000000a2000000, 0x00000000a2000000, 0x00000000a2100000|  0%| F|  |TAMS 0x00000000a2000000| PB 0x00000000a2000000| Untracked 
| 545|0x00000000a2100000, 0x00000000a2100000, 0x00000000a2200000|  0%| F|  |TAMS 0x00000000a2100000| PB 0x00000000a2100000| Untracked 
| 546|0x00000000a2200000, 0x00000000a2200000, 0x00000000a2300000|  0%| F|  |TAMS 0x00000000a2200000| PB 0x00000000a2200000| Untracked 
| 547|0x00000000a2300000, 0x00000000a2300000, 0x00000000a2400000|  0%| F|  |TAMS 0x00000000a2300000| PB 0x00000000a2300000| Untracked 
| 548|0x00000000a2400000, 0x00000000a2400000, 0x00000000a2500000|  0%| F|  |TAMS 0x00000000a2400000| PB 0x00000000a2400000| Untracked 
| 549|0x00000000a2500000, 0x00000000a2500000, 0x00000000a2600000|  0%| F|  |TAMS 0x00000000a2500000| PB 0x00000000a2500000| Untracked 
| 550|0x00000000a2600000, 0x00000000a2600000, 0x00000000a2700000|  0%| F|  |TAMS 0x00000000a2600000| PB 0x00000000a2600000| Untracked 
| 551|0x00000000a2700000, 0x00000000a2700000, 0x00000000a2800000|  0%| F|  |TAMS 0x00000000a2700000| PB 0x00000000a2700000| Untracked 
| 552|0x00000000a2800000, 0x00000000a2800000, 0x00000000a2900000|  0%| F|  |TAMS 0x00000000a2800000| PB 0x00000000a2800000| Untracked 
| 553|0x00000000a2900000, 0x00000000a2900000, 0x00000000a2a00000|  0%| F|  |TAMS 0x00000000a2900000| PB 0x00000000a2900000| Untracked 
| 554|0x00000000a2a00000, 0x00000000a2a00000, 0x00000000a2b00000|  0%| F|  |TAMS 0x00000000a2a00000| PB 0x00000000a2a00000| Untracked 
| 555|0x00000000a2b00000, 0x00000000a2b00000, 0x00000000a2c00000|  0%| F|  |TAMS 0x00000000a2b00000| PB 0x00000000a2b00000| Untracked 
| 556|0x00000000a2c00000, 0x00000000a2c00000, 0x00000000a2d00000|  0%| F|  |TAMS 0x00000000a2c00000| PB 0x00000000a2c00000| Untracked 
| 557|0x00000000a2d00000, 0x00000000a2d00000, 0x00000000a2e00000|  0%| F|  |TAMS 0x00000000a2d00000| PB 0x00000000a2d00000| Untracked 
| 558|0x00000000a2e00000, 0x00000000a2e00000, 0x00000000a2f00000|  0%| F|  |TAMS 0x00000000a2e00000| PB 0x00000000a2e00000| Untracked 
| 559|0x00000000a2f00000, 0x00000000a2f00000, 0x00000000a3000000|  0%| F|  |TAMS 0x00000000a2f00000| PB 0x00000000a2f00000| Untracked 
| 560|0x00000000a3000000, 0x00000000a3000000, 0x00000000a3100000|  0%| F|  |TAMS 0x00000000a3000000| PB 0x00000000a3000000| Untracked 
| 561|0x00000000a3100000, 0x00000000a3100000, 0x00000000a3200000|  0%| F|  |TAMS 0x00000000a3100000| PB 0x00000000a3100000| Untracked 
| 562|0x00000000a3200000, 0x00000000a3200000, 0x00000000a3300000|  0%| F|  |TAMS 0x00000000a3200000| PB 0x00000000a3200000| Untracked 
| 563|0x00000000a3300000, 0x00000000a3300000, 0x00000000a3400000|  0%| F|  |TAMS 0x00000000a3300000| PB 0x00000000a3300000| Untracked 
| 564|0x00000000a3400000, 0x00000000a3400000, 0x00000000a3500000|  0%| F|  |TAMS 0x00000000a3400000| PB 0x00000000a3400000| Untracked 
| 565|0x00000000a3500000, 0x00000000a3500000, 0x00000000a3600000|  0%| F|  |TAMS 0x00000000a3500000| PB 0x00000000a3500000| Untracked 
| 566|0x00000000a3600000, 0x00000000a3600000, 0x00000000a3700000|  0%| F|  |TAMS 0x00000000a3600000| PB 0x00000000a3600000| Untracked 
| 567|0x00000000a3700000, 0x00000000a3700000, 0x00000000a3800000|  0%| F|  |TAMS 0x00000000a3700000| PB 0x00000000a3700000| Untracked 
| 568|0x00000000a3800000, 0x00000000a3800000, 0x00000000a3900000|  0%| F|  |TAMS 0x00000000a3800000| PB 0x00000000a3800000| Untracked 
| 569|0x00000000a3900000, 0x00000000a3900000, 0x00000000a3a00000|  0%| F|  |TAMS 0x00000000a3900000| PB 0x00000000a3900000| Untracked 
| 570|0x00000000a3a00000, 0x00000000a3a00000, 0x00000000a3b00000|  0%| F|  |TAMS 0x00000000a3a00000| PB 0x00000000a3a00000| Untracked 
| 571|0x00000000a3b00000, 0x00000000a3b00000, 0x00000000a3c00000|  0%| F|  |TAMS 0x00000000a3b00000| PB 0x00000000a3b00000| Untracked 
| 572|0x00000000a3c00000, 0x00000000a3c00000, 0x00000000a3d00000|  0%| F|  |TAMS 0x00000000a3c00000| PB 0x00000000a3c00000| Untracked 
| 573|0x00000000a3d00000, 0x00000000a3d00000, 0x00000000a3e00000|  0%| F|  |TAMS 0x00000000a3d00000| PB 0x00000000a3d00000| Untracked 
| 574|0x00000000a3e00000, 0x00000000a3e00000, 0x00000000a3f00000|  0%| F|  |TAMS 0x00000000a3e00000| PB 0x00000000a3e00000| Untracked 
| 575|0x00000000a3f00000, 0x00000000a3f00000, 0x00000000a4000000|  0%| F|  |TAMS 0x00000000a3f00000| PB 0x00000000a3f00000| Untracked 
| 576|0x00000000a4000000, 0x00000000a4000000, 0x00000000a4100000|  0%| F|  |TAMS 0x00000000a4000000| PB 0x00000000a4000000| Untracked 
| 577|0x00000000a4100000, 0x00000000a4100000, 0x00000000a4200000|  0%| F|  |TAMS 0x00000000a4100000| PB 0x00000000a4100000| Untracked 
| 578|0x00000000a4200000, 0x00000000a4200000, 0x00000000a4300000|  0%| F|  |TAMS 0x00000000a4200000| PB 0x00000000a4200000| Untracked 
| 579|0x00000000a4300000, 0x00000000a4300000, 0x00000000a4400000|  0%| F|  |TAMS 0x00000000a4300000| PB 0x00000000a4300000| Untracked 
| 580|0x00000000a4400000, 0x00000000a4400000, 0x00000000a4500000|  0%| F|  |TAMS 0x00000000a4400000| PB 0x00000000a4400000| Untracked 
| 581|0x00000000a4500000, 0x00000000a4500000, 0x00000000a4600000|  0%| F|  |TAMS 0x00000000a4500000| PB 0x00000000a4500000| Untracked 
| 582|0x00000000a4600000, 0x00000000a4600000, 0x00000000a4700000|  0%| F|  |TAMS 0x00000000a4600000| PB 0x00000000a4600000| Untracked 
| 583|0x00000000a4700000, 0x00000000a4700000, 0x00000000a4800000|  0%| F|  |TAMS 0x00000000a4700000| PB 0x00000000a4700000| Untracked 
| 584|0x00000000a4800000, 0x00000000a4800000, 0x00000000a4900000|  0%| F|  |TAMS 0x00000000a4800000| PB 0x00000000a4800000| Untracked 
| 585|0x00000000a4900000, 0x00000000a4900000, 0x00000000a4a00000|  0%| F|  |TAMS 0x00000000a4900000| PB 0x00000000a4900000| Untracked 
| 586|0x00000000a4a00000, 0x00000000a4a00000, 0x00000000a4b00000|  0%| F|  |TAMS 0x00000000a4a00000| PB 0x00000000a4a00000| Untracked 
| 587|0x00000000a4b00000, 0x00000000a4b00000, 0x00000000a4c00000|  0%| F|  |TAMS 0x00000000a4b00000| PB 0x00000000a4b00000| Untracked 
| 588|0x00000000a4c00000, 0x00000000a4c00000, 0x00000000a4d00000|  0%| F|  |TAMS 0x00000000a4c00000| PB 0x00000000a4c00000| Untracked 
| 589|0x00000000a4d00000, 0x00000000a4d00000, 0x00000000a4e00000|  0%| F|  |TAMS 0x00000000a4d00000| PB 0x00000000a4d00000| Untracked 
| 590|0x00000000a4e00000, 0x00000000a4e00000, 0x00000000a4f00000|  0%| F|  |TAMS 0x00000000a4e00000| PB 0x00000000a4e00000| Untracked 
| 591|0x00000000a4f00000, 0x00000000a4f00000, 0x00000000a5000000|  0%| F|  |TAMS 0x00000000a4f00000| PB 0x00000000a4f00000| Untracked 
| 592|0x00000000a5000000, 0x00000000a5000000, 0x00000000a5100000|  0%| F|  |TAMS 0x00000000a5000000| PB 0x00000000a5000000| Untracked 
| 593|0x00000000a5100000, 0x00000000a5100000, 0x00000000a5200000|  0%| F|  |TAMS 0x00000000a5100000| PB 0x00000000a5100000| Untracked 
| 594|0x00000000a5200000, 0x00000000a5200000, 0x00000000a5300000|  0%| F|  |TAMS 0x00000000a5200000| PB 0x00000000a5200000| Untracked 
| 595|0x00000000a5300000, 0x00000000a5300000, 0x00000000a5400000|  0%| F|  |TAMS 0x00000000a5300000| PB 0x00000000a5300000| Untracked 
| 596|0x00000000a5400000, 0x00000000a5400000, 0x00000000a5500000|  0%| F|  |TAMS 0x00000000a5400000| PB 0x00000000a5400000| Untracked 
| 597|0x00000000a5500000, 0x00000000a5500000, 0x00000000a5600000|  0%| F|  |TAMS 0x00000000a5500000| PB 0x00000000a5500000| Untracked 
| 598|0x00000000a5600000, 0x00000000a5600000, 0x00000000a5700000|  0%| F|  |TAMS 0x00000000a5600000| PB 0x00000000a5600000| Untracked 
| 599|0x00000000a5700000, 0x00000000a5700000, 0x00000000a5800000|  0%| F|  |TAMS 0x00000000a5700000| PB 0x00000000a5700000| Untracked 
| 600|0x00000000a5800000, 0x00000000a5800000, 0x00000000a5900000|  0%| F|  |TAMS 0x00000000a5800000| PB 0x00000000a5800000| Untracked 
| 601|0x00000000a5900000, 0x00000000a5900000, 0x00000000a5a00000|  0%| F|  |TAMS 0x00000000a5900000| PB 0x00000000a5900000| Untracked 
| 602|0x00000000a5a00000, 0x00000000a5a00000, 0x00000000a5b00000|  0%| F|  |TAMS 0x00000000a5a00000| PB 0x00000000a5a00000| Untracked 
| 603|0x00000000a5b00000, 0x00000000a5b00000, 0x00000000a5c00000|  0%| F|  |TAMS 0x00000000a5b00000| PB 0x00000000a5b00000| Untracked 
| 604|0x00000000a5c00000, 0x00000000a5c00000, 0x00000000a5d00000|  0%| F|  |TAMS 0x00000000a5c00000| PB 0x00000000a5c00000| Untracked 
| 605|0x00000000a5d00000, 0x00000000a5d00000, 0x00000000a5e00000|  0%| F|  |TAMS 0x00000000a5d00000| PB 0x00000000a5d00000| Untracked 
| 606|0x00000000a5e00000, 0x00000000a5e00000, 0x00000000a5f00000|  0%| F|  |TAMS 0x00000000a5e00000| PB 0x00000000a5e00000| Untracked 
| 607|0x00000000a5f00000, 0x00000000a5f00000, 0x00000000a6000000|  0%| F|  |TAMS 0x00000000a5f00000| PB 0x00000000a5f00000| Untracked 
| 608|0x00000000a6000000, 0x00000000a6000000, 0x00000000a6100000|  0%| F|  |TAMS 0x00000000a6000000| PB 0x00000000a6000000| Untracked 
| 609|0x00000000a6100000, 0x00000000a6100000, 0x00000000a6200000|  0%| F|  |TAMS 0x00000000a6100000| PB 0x00000000a6100000| Untracked 
| 610|0x00000000a6200000, 0x00000000a6200000, 0x00000000a6300000|  0%| F|  |TAMS 0x00000000a6200000| PB 0x00000000a6200000| Untracked 
| 611|0x00000000a6300000, 0x00000000a6300000, 0x00000000a6400000|  0%| F|  |TAMS 0x00000000a6300000| PB 0x00000000a6300000| Untracked 
| 612|0x00000000a6400000, 0x00000000a6400000, 0x00000000a6500000|  0%| F|  |TAMS 0x00000000a6400000| PB 0x00000000a6400000| Untracked 
| 613|0x00000000a6500000, 0x00000000a6500000, 0x00000000a6600000|  0%| F|  |TAMS 0x00000000a6500000| PB 0x00000000a6500000| Untracked 
| 614|0x00000000a6600000, 0x00000000a6600000, 0x00000000a6700000|  0%| F|  |TAMS 0x00000000a6600000| PB 0x00000000a6600000| Untracked 
| 615|0x00000000a6700000, 0x00000000a6700000, 0x00000000a6800000|  0%| F|  |TAMS 0x00000000a6700000| PB 0x00000000a6700000| Untracked 
| 616|0x00000000a6800000, 0x00000000a6800000, 0x00000000a6900000|  0%| F|  |TAMS 0x00000000a6800000| PB 0x00000000a6800000| Untracked 
| 617|0x00000000a6900000, 0x00000000a6900000, 0x00000000a6a00000|  0%| F|  |TAMS 0x00000000a6900000| PB 0x00000000a6900000| Untracked 
| 618|0x00000000a6a00000, 0x00000000a6a00000, 0x00000000a6b00000|  0%| F|  |TAMS 0x00000000a6a00000| PB 0x00000000a6a00000| Untracked 
|1995|0x00000000fcb00000, 0x00000000fcb00000, 0x00000000fcc00000|  0%| F|  |TAMS 0x00000000fcb00000| PB 0x00000000fcb00000| Untracked 
|1996|0x00000000fcc00000, 0x00000000fcc00000, 0x00000000fcd00000|  0%| F|  |TAMS 0x00000000fcc00000| PB 0x00000000fcc00000| Untracked 
|1997|0x00000000fcd00000, 0x00000000fcd00000, 0x00000000fce00000|  0%| F|  |TAMS 0x00000000fcd00000| PB 0x00000000fcd00000| Untracked 
|1998|0x00000000fce00000, 0x00000000fce00000, 0x00000000fcf00000|  0%| F|  |TAMS 0x00000000fce00000| PB 0x00000000fce00000| Untracked 
|1999|0x00000000fcf00000, 0x00000000fcf00000, 0x00000000fd000000|  0%| F|  |TAMS 0x00000000fcf00000| PB 0x00000000fcf00000| Untracked 
|2000|0x00000000fd000000, 0x00000000fd000000, 0x00000000fd100000|  0%| F|  |TAMS 0x00000000fd000000| PB 0x00000000fd000000| Untracked 
|2001|0x00000000fd100000, 0x00000000fd100000, 0x00000000fd200000|  0%| F|  |TAMS 0x00000000fd100000| PB 0x00000000fd100000| Untracked 
|2002|0x00000000fd200000, 0x00000000fd200000, 0x00000000fd300000|  0%| F|  |TAMS 0x00000000fd200000| PB 0x00000000fd200000| Untracked 
|2003|0x00000000fd300000, 0x00000000fd300000, 0x00000000fd400000|  0%| F|  |TAMS 0x00000000fd300000| PB 0x00000000fd300000| Untracked 
|2004|0x00000000fd400000, 0x00000000fd400000, 0x00000000fd500000|  0%| F|  |TAMS 0x00000000fd400000| PB 0x00000000fd400000| Untracked 
|2005|0x00000000fd500000, 0x00000000fd5726b8, 0x00000000fd600000| 44%| E|  |TAMS 0x00000000fd500000| PB 0x00000000fd500000| Complete 
|2006|0x00000000fd600000, 0x00000000fd700000, 0x00000000fd700000|100%| E|CS|TAMS 0x00000000fd600000| PB 0x00000000fd600000| Complete 
|2007|0x00000000fd700000, 0x00000000fd800000, 0x00000000fd800000|100%| E|CS|TAMS 0x00000000fd700000| PB 0x00000000fd700000| Complete 
|2008|0x00000000fd800000, 0x00000000fd900000, 0x00000000fd900000|100%| E|CS|TAMS 0x00000000fd800000| PB 0x00000000fd800000| Complete 
|2009|0x00000000fd900000, 0x00000000fda00000, 0x00000000fda00000|100%| E|CS|TAMS 0x00000000fd900000| PB 0x00000000fd900000| Complete 
|2010|0x00000000fda00000, 0x00000000fdb00000, 0x00000000fdb00000|100%| E|CS|TAMS 0x00000000fda00000| PB 0x00000000fda00000| Complete 
|2011|0x00000000fdb00000, 0x00000000fdc00000, 0x00000000fdc00000|100%| E|CS|TAMS 0x00000000fdb00000| PB 0x00000000fdb00000| Complete 
|2012|0x00000000fdc00000, 0x00000000fdd00000, 0x00000000fdd00000|100%| E|CS|TAMS 0x00000000fdc00000| PB 0x00000000fdc00000| Complete 
|2013|0x00000000fdd00000, 0x00000000fde00000, 0x00000000fde00000|100%| E|CS|TAMS 0x00000000fdd00000| PB 0x00000000fdd00000| Complete 
|2014|0x00000000fde00000, 0x00000000fdf00000, 0x00000000fdf00000|100%| E|CS|TAMS 0x00000000fde00000| PB 0x00000000fde00000| Complete 
|2015|0x00000000fdf00000, 0x00000000fe000000, 0x00000000fe000000|100%| E|CS|TAMS 0x00000000fdf00000| PB 0x00000000fdf00000| Complete 
|2016|0x00000000fe000000, 0x00000000fe100000, 0x00000000fe100000|100%| E|CS|TAMS 0x00000000fe000000| PB 0x00000000fe000000| Complete 
|2017|0x00000000fe100000, 0x00000000fe200000, 0x00000000fe200000|100%| E|CS|TAMS 0x00000000fe100000| PB 0x00000000fe100000| Complete 
|2018|0x00000000fe200000, 0x00000000fe300000, 0x00000000fe300000|100%| E|CS|TAMS 0x00000000fe200000| PB 0x00000000fe200000| Complete 
|2019|0x00000000fe300000, 0x00000000fe400000, 0x00000000fe400000|100%| E|CS|TAMS 0x00000000fe300000| PB 0x00000000fe300000| Complete 
|2020|0x00000000fe400000, 0x00000000fe500000, 0x00000000fe500000|100%| E|CS|TAMS 0x00000000fe400000| PB 0x00000000fe400000| Complete 
|2021|0x00000000fe500000, 0x00000000fe600000, 0x00000000fe600000|100%| E|CS|TAMS 0x00000000fe500000| PB 0x00000000fe500000| Complete 
|2022|0x00000000fe600000, 0x00000000fe700000, 0x00000000fe700000|100%| E|CS|TAMS 0x00000000fe600000| PB 0x00000000fe600000| Complete 
|2023|0x00000000fe700000, 0x00000000fe800000, 0x00000000fe800000|100%| E|CS|TAMS 0x00000000fe700000| PB 0x00000000fe700000| Complete 
|2024|0x00000000fe800000, 0x00000000fe900000, 0x00000000fe900000|100%| E|CS|TAMS 0x00000000fe800000| PB 0x00000000fe800000| Complete 
|2025|0x00000000fe900000, 0x00000000fea00000, 0x00000000fea00000|100%| E|CS|TAMS 0x00000000fe900000| PB 0x00000000fe900000| Complete 
|2026|0x00000000fea00000, 0x00000000feb00000, 0x00000000feb00000|100%| E|CS|TAMS 0x00000000fea00000| PB 0x00000000fea00000| Complete 
|2027|0x00000000feb00000, 0x00000000fec00000, 0x00000000fec00000|100%| E|CS|TAMS 0x00000000feb00000| PB 0x00000000feb00000| Complete 
|2028|0x00000000fec00000, 0x00000000fed00000, 0x00000000fed00000|100%| E|CS|TAMS 0x00000000fec00000| PB 0x00000000fec00000| Complete 
|2029|0x00000000fed00000, 0x00000000fee00000, 0x00000000fee00000|100%| E|CS|TAMS 0x00000000fed00000| PB 0x00000000fed00000| Complete 
|2030|0x00000000fee00000, 0x00000000fef00000, 0x00000000fef00000|100%| E|CS|TAMS 0x00000000fee00000| PB 0x00000000fee00000| Complete 
|2031|0x00000000fef00000, 0x00000000ff000000, 0x00000000ff000000|100%| E|CS|TAMS 0x00000000fef00000| PB 0x00000000fef00000| Complete 
|2032|0x00000000ff000000, 0x00000000ff100000, 0x00000000ff100000|100%| E|CS|TAMS 0x00000000ff000000| PB 0x00000000ff000000| Complete 
|2033|0x00000000ff100000, 0x00000000ff200000, 0x00000000ff200000|100%| E|CS|TAMS 0x00000000ff100000| PB 0x00000000ff100000| Complete 
|2034|0x00000000ff200000, 0x00000000ff300000, 0x00000000ff300000|100%| E|CS|TAMS 0x00000000ff200000| PB 0x00000000ff200000| Complete 
|2035|0x00000000ff300000, 0x00000000ff400000, 0x00000000ff400000|100%| E|CS|TAMS 0x00000000ff300000| PB 0x00000000ff300000| Complete 
|2036|0x00000000ff400000, 0x00000000ff500000, 0x00000000ff500000|100%| O|  |TAMS 0x00000000ff500000| PB 0x00000000ff400000| Untracked 
|2037|0x00000000ff500000, 0x00000000ff600000, 0x00000000ff600000|100%| E|CS|TAMS 0x00000000ff500000| PB 0x00000000ff500000| Complete 
|2038|0x00000000ff600000, 0x00000000ff700000, 0x00000000ff700000|100%| E|CS|TAMS 0x00000000ff600000| PB 0x00000000ff600000| Complete 
|2039|0x00000000ff700000, 0x00000000ff800000, 0x00000000ff800000|100%| E|CS|TAMS 0x00000000ff700000| PB 0x00000000ff700000| Complete 
|2040|0x00000000ff800000, 0x00000000ff900000, 0x00000000ff900000|100%| O|  |TAMS 0x00000000ff900000| PB 0x00000000ff800000| Untracked 
|2041|0x00000000ff900000, 0x00000000ffa00000, 0x00000000ffa00000|100%| O|  |TAMS 0x00000000ffa00000| PB 0x00000000ff900000| Untracked 
|2042|0x00000000ffa00000, 0x00000000ffb00000, 0x00000000ffb00000|100%| O|  |TAMS 0x00000000ffb00000| PB 0x00000000ffa00000| Untracked 
|2043|0x00000000ffb00000, 0x00000000ffc00000, 0x00000000ffc00000|100%| E|CS|TAMS 0x00000000ffb00000| PB 0x00000000ffb00000| Complete 
|2044|0x00000000ffc00000, 0x00000000ffd00000, 0x00000000ffd00000|100%| O|  |TAMS 0x00000000ffd00000| PB 0x00000000ffc00000| Untracked 
|2045|0x00000000ffd00000, 0x00000000ffe00000, 0x00000000ffe00000|100%| O|  |TAMS 0x00000000ffe00000| PB 0x00000000ffd00000| Untracked 
|2046|0x00000000ffe00000, 0x00000000fff00000, 0x00000000fff00000|100%| O|  |TAMS 0x00000000fff00000| PB 0x00000000ffe00000| Untracked 
|2047|0x00000000fff00000, 0x0000000100000000, 0x0000000100000000|100%| O|  |TAMS 0x0000000100000000| PB 0x00000000fff00000| Untracked 

Card table byte_map: [0x00007da5a0800000,0x00007da5a0c00000] _byte_map_base: 0x00007da5a0400000

Marking Bits: (CMBitMap*) 0x00007da59c087260
 Bits: [0x00007da587e00000, 0x00007da589e00000)

Polling page: 0x00007da5a2e5d000

Metaspace:

Usage:
  Non-class:    170.04 MB used.
      Class:     25.23 MB used.
       Both:    195.27 MB used.

Virtual space:
  Non-class space:      192.00 MB reserved,     171.44 MB ( 89%) committed,  3 nodes.
      Class space:        1.00 GB reserved,      26.56 MB (  3%) committed,  1 nodes.
             Both:        1.19 GB reserved,     198.00 MB ( 16%) committed. 

Chunk freelists:
   Non-Class:  4.04 MB
       Class:  5.34 MB
        Both:  9.37 MB

MaxMetaspaceSize: unlimited
CompressedClassSpaceSize: 1.00 GB
Initial GC threshold: 21.00 MB
Current GC threshold: 313.75 MB
CDS: off
 - commit_granule_bytes: 65536.
 - commit_granule_words: 8192.
 - virtual_space_node_default_size: 8388608.
 - enlarge_chunks_in_place: 1.
 - use_allocation_guard: 0.


Internal statistics:

num_allocs_failed_limit: 15.
num_arena_births: 5300.
num_arena_deaths: 0.
num_vsnodes_births: 4.
num_vsnodes_deaths: 0.
num_space_committed: 3163.
num_space_uncommitted: 0.
num_chunks_returned_to_freelist: 15.
num_chunks_taken_from_freelist: 13683.
num_chunk_merges: 15.
num_chunk_splits: 9154.
num_chunks_enlarged: 6007.
num_inconsistent_stats: 0.

CodeHeap 'non-profiled nmethods': size=120032Kb used=14523Kb max_used=14523Kb free=105508Kb
 bounds [0x00007da5918c8000, 0x00007da5926f8000, 0x00007da598e00000]
CodeHeap 'profiled nmethods': size=120028Kb used=38293Kb max_used=38293Kb free=81734Kb
 bounds [0x00007da589e00000, 0x00007da58c370000, 0x00007da591337000]
CodeHeap 'non-nmethods': size=5700Kb used=3125Kb max_used=3203Kb free=2574Kb
 bounds [0x00007da591337000, 0x00007da591667000, 0x00007da5918c8000]
 total_blobs=22427 nmethods=21230 adapters=1099
 compilation: enabled
              stopped_count=0, restarted_count=0
 full_count=0

Compilation events (20 events):
Event: 6534.894 Thread 0x00007da59c2483b0 35930       3       com.sun.org.apache.xerces.internal.dom.DeferredDocumentImpl::createChunk (23 bytes)
Event: 6534.894 Thread 0x00007da59c2483b0 nmethod 35930 0x00007da58c340b90 code [0x00007da58c340d60, 0x00007da58c341138]
Event: 6534.896 Thread 0x00007da59c246d50 nmethod 35862 0x00007da5926f5090 code [0x00007da5926f5280, 0x00007da5926f61c0]
Event: 6534.896 Thread 0x00007da59c246d50 35920       4       com.sun.org.apache.xerces.internal.impl.XMLNSDocumentScannerImpl::scanStartElement (1031 bytes)
Event: 6535.033 Thread 0x00007da59c2483b0 35932       2       com.android.ide.common.resources.ResourceSet::<init> (37 bytes)
Event: 6535.033 Thread 0x00007da59c2483b0 nmethod 35932 0x00007da58c341290 code [0x00007da58c341440, 0x00007da58c3416b0]
Event: 6535.034 Thread 0x00007da59c2483b0 35936 %     2       javax.lang.model.SourceVersion::isIdentifier @ 36 (71 bytes)
Event: 6535.034 Thread 0x00007da59c2483b0 nmethod 35936% 0x00007da58c341790 code [0x00007da58c3419a0, 0x00007da58c341d78]
Event: 6535.037 Thread 0x00007da59c2483b0 35940       1       com.android.ide.common.resources.ResourceSet::setFromDependency (6 bytes)
Event: 6535.037 Thread 0x00007da59c2483b0 nmethod 35940 0x00007da5926f6690 code [0x00007da5926f6820, 0x00007da5926f68e8]
Event: 6535.037 Thread 0x00007da59c2483b0 35941       2       com.android.ide.common.resources.ResourceMerger::createFromXml (197 bytes)
Event: 6535.039 Thread 0x00007da59c2483b0 nmethod 35941 0x00007da58c342010 code [0x00007da58c3423c0, 0x00007da58c3431d0]
Event: 6535.042 Thread 0x00007da59c2483b0 35947 % !   3       com.android.ide.common.resources.ResourceSet::createFileAndItemsFromXml @ 365 (583 bytes)
Event: 6535.061 Thread 0x00007da59c2483b0 nmethod 35947% 0x00007da58c343a90 code [0x00007da58c344740, 0x00007da58c34c9a0]
Event: 6535.129 Thread 0x00007da59c2483b0 35951       2       com.android.ide.common.resources.DataMerger::addDataSet (12 bytes)
Event: 6535.129 Thread 0x00007da59c2483b0 nmethod 35951 0x00007da58c34f290 code [0x00007da58c34f440, 0x00007da58c34f570]
Event: 6535.147 Thread 0x00007da59c2483b0 35953       3       com.android.ide.common.resources.DataFile::<init> (44 bytes)
Event: 6535.148 Thread 0x00007da59c2483b0 nmethod 35953 0x00007da58c34f610 code [0x00007da58c34f840, 0x00007da58c34fee8]
Event: 6535.148 Thread 0x00007da59c2483b0 35954       2       com.android.ide.common.resources.ResourceMerger::addDataSet (6 bytes)
Event: 6535.148 Thread 0x00007da59c2483b0 nmethod 35954 0x00007da58c350110 code [0x00007da58c3502c0, 0x00007da58c3503f0]

GC Heap History (20 events):
Event: 502.574 GC heap before
{Heap before GC invocations=64 (full 0):
 garbage-first heap   total 570368K, used 463872K [0x0000000080000000, 0x0000000100000000)
  region size 1024K, 139 young (142336K), 23 survivors (23552K)
 Metaspace       used 173491K, committed 176064K, reserved 1245184K
  class space    used 22721K, committed 24000K, reserved 1048576K
}
Event: 502.625 GC heap after
{Heap after GC invocations=65 (full 0):
 garbage-first heap   total 570368K, used 356224K [0x0000000080000000, 0x0000000100000000)
  region size 1024K, 10 young (10240K), 10 survivors (10240K)
 Metaspace       used 173491K, committed 176064K, reserved 1245184K
  class space    used 22721K, committed 24000K, reserved 1048576K
}
Event: 504.320 GC heap before
{Heap before GC invocations=65 (full 0):
 garbage-first heap   total 570368K, used 497536K [0x0000000080000000, 0x0000000100000000)
  region size 1024K, 137 young (140288K), 10 survivors (10240K)
 Metaspace       used 173701K, committed 176256K, reserved 1245184K
  class space    used 22745K, committed 24000K, reserved 1048576K
}
Event: 504.366 GC heap after
{Heap after GC invocations=66 (full 0):
 garbage-first heap   total 570368K, used 363008K [0x0000000080000000, 0x0000000100000000)
  region size 1024K, 8 young (8192K), 8 survivors (8192K)
 Metaspace       used 173701K, committed 176256K, reserved 1245184K
  class space    used 22745K, committed 24000K, reserved 1048576K
}
Event: 505.589 GC heap before
{Heap before GC invocations=66 (full 0):
 garbage-first heap   total 570368K, used 525824K [0x0000000080000000, 0x0000000100000000)
  region size 1024K, 138 young (141312K), 8 survivors (8192K)
 Metaspace       used 174083K, committed 176640K, reserved 1245184K
  class space    used 22780K, committed 24064K, reserved 1048576K
}
Event: 505.622 GC heap after
{Heap after GC invocations=67 (full 0):
 garbage-first heap   total 570368K, used 402158K [0x0000000080000000, 0x0000000100000000)
  region size 1024K, 17 young (17408K), 17 survivors (17408K)
 Metaspace       used 174083K, committed 176640K, reserved 1245184K
  class space    used 22780K, committed 24064K, reserved 1048576K
}
Event: 506.111 GC heap before
{Heap before GC invocations=67 (full 0):
 garbage-first heap   total 570368K, used 459502K [0x0000000080000000, 0x0000000100000000)
  region size 1024K, 74 young (75776K), 17 survivors (17408K)
 Metaspace       used 174214K, committed 176768K, reserved 1245184K
  class space    used 22790K, committed 24064K, reserved 1048576K
}
Event: 506.130 GC heap after
{Heap after GC invocations=68 (full 0):
 garbage-first heap   total 570368K, used 402072K [0x0000000080000000, 0x0000000100000000)
  region size 1024K, 1 young (1024K), 1 survivors (1024K)
 Metaspace       used 174214K, committed 176768K, reserved 1245184K
  class space    used 22790K, committed 24064K, reserved 1048576K
}
Event: 721.359 GC heap before
{Heap before GC invocations=69 (full 0):
 garbage-first heap   total 688128K, used 542360K [0x0000000080000000, 0x0000000100000000)
  region size 1024K, 123 young (125952K), 1 survivors (1024K)
 Metaspace       used 174937K, committed 177472K, reserved 1245184K
  class space    used 22883K, committed 24128K, reserved 1048576K
}
Event: 721.388 GC heap after
{Heap after GC invocations=70 (full 0):
 garbage-first heap   total 688128K, used 421714K [0x0000000080000000, 0x0000000100000000)
  region size 1024K, 16 young (16384K), 16 survivors (16384K)
 Metaspace       used 174937K, committed 177472K, reserved 1245184K
  class space    used 22883K, committed 24128K, reserved 1048576K
}
Event: 724.263 GC heap before
{Heap before GC invocations=70 (full 0):
 garbage-first heap   total 688128K, used 633682K [0x0000000080000000, 0x0000000100000000)
  region size 1024K, 191 young (195584K), 16 survivors (16384K)
 Metaspace       used 182950K, committed 185600K, reserved 1245184K
  class space    used 23891K, committed 25216K, reserved 1048576K
}
Event: 724.312 GC heap after
{Heap after GC invocations=71 (full 0):
 garbage-first heap   total 688128K, used 428544K [0x0000000080000000, 0x0000000100000000)
  region size 1024K, 20 young (20480K), 20 survivors (20480K)
 Metaspace       used 182950K, committed 185600K, reserved 1245184K
  class space    used 23891K, committed 25216K, reserved 1048576K
}
Event: 725.801 GC heap before
{Heap before GC invocations=71 (full 0):
 garbage-first heap   total 688128K, used 543232K [0x0000000080000000, 0x0000000100000000)
  region size 1024K, 134 young (137216K), 20 survivors (20480K)
 Metaspace       used 187593K, committed 190208K, reserved 1245184K
  class space    used 24407K, committed 25728K, reserved 1048576K
}
Event: 725.832 GC heap after
{Heap after GC invocations=72 (full 0):
 garbage-first heap   total 688128K, used 432427K [0x0000000080000000, 0x0000000100000000)
  region size 1024K, 11 young (11264K), 11 survivors (11264K)
 Metaspace       used 187593K, committed 190208K, reserved 1245184K
  class space    used 24407K, committed 25728K, reserved 1048576K
}
Event: 727.885 GC heap before
{Heap before GC invocations=73 (full 0):
 garbage-first heap   total 688128K, used 465195K [0x0000000080000000, 0x0000000100000000)
  region size 1024K, 185 young (189440K), 11 survivors (11264K)
 Metaspace       used 193819K, committed 196480K, reserved 1245184K
  class space    used 25199K, committed 26496K, reserved 1048576K
}
Event: 727.917 GC heap after
{Heap after GC invocations=74 (full 0):
 garbage-first heap   total 688128K, used 282229K [0x0000000080000000, 0x0000000100000000)
  region size 1024K, 11 young (11264K), 11 survivors (11264K)
 Metaspace       used 193819K, committed 196480K, reserved 1245184K
  class space    used 25199K, committed 26496K, reserved 1048576K
}
Event: 3409.574 GC heap before
{Heap before GC invocations=74 (full 0):
 garbage-first heap   total 688128K, used 625269K [0x0000000080000000, 0x0000000100000000)
  region size 1024K, 278 young (284672K), 11 survivors (11264K)
 Metaspace       used 196298K, committed 198976K, reserved 1245184K
  class space    used 25425K, committed 26752K, reserved 1048576K
}
Event: 3409.617 GC heap after
{Heap after GC invocations=75 (full 0):
 garbage-first heap   total 688128K, used 248931K [0x0000000080000000, 0x0000000100000000)
  region size 1024K, 13 young (13312K), 13 survivors (13312K)
 Metaspace       used 196298K, committed 198976K, reserved 1245184K
  class space    used 25425K, committed 26752K, reserved 1048576K
}
Event: 6534.771 GC heap before
{Heap before GC invocations=75 (full 0):
 garbage-first heap   total 688128K, used 553059K [0x0000000080000000, 0x0000000100000000)
  region size 1024K, 312 young (319488K), 13 survivors (13312K)
 Metaspace       used 199915K, committed 202688K, reserved 1245184K
  class space    used 25836K, committed 27200K, reserved 1048576K
}
Event: 6534.835 GC heap after
{Heap after GC invocations=76 (full 0):
 garbage-first heap   total 688128K, used 253972K [0x0000000080000000, 0x0000000100000000)
  region size 1024K, 20 young (20480K), 20 survivors (20480K)
 Metaspace       used 199915K, committed 202688K, reserved 1245184K
  class space    used 25836K, committed 27200K, reserved 1048576K
}

Dll operation events (13 events):
Event: 0.002 Loaded shared library /home/lokesh/Documents/Android Studio/android-studio-2024.3.1.15-linux/android-studio/jbr/lib/libjava.so
Event: 0.006 Loaded shared library /home/lokesh/Documents/Android Studio/android-studio-2024.3.1.15-linux/android-studio/jbr/lib/libzip.so
Event: 0.147 Loaded shared library /home/lokesh/Documents/Android Studio/android-studio-2024.3.1.15-linux/android-studio/jbr/lib/libinstrument.so
Event: 0.157 Loaded shared library /home/lokesh/Documents/Android Studio/android-studio-2024.3.1.15-linux/android-studio/jbr/lib/libnio.so
Event: 0.166 Loaded shared library /home/lokesh/Documents/Android Studio/android-studio-2024.3.1.15-linux/android-studio/jbr/lib/libzip.so
Event: 0.374 Loaded shared library /home/lokesh/Documents/Android Studio/android-studio-2024.3.1.15-linux/android-studio/jbr/lib/libjimage.so
Event: 0.520 Loaded shared library /home/lokesh/Documents/Android Studio/android-studio-2024.3.1.15-linux/android-studio/jbr/lib/libverify.so
Event: 0.683 Loaded shared library /home/lokesh/Documents/Android Studio/android-studio-2024.3.1.15-linux/android-studio/jbr/lib/libnet.so
Event: 0.684 Loaded shared library /home/lokesh/Downloads/lokesh/GCEPlusELearninaagok/native/c067742578af261105cb4f569cf0c3c89f3d7b1fecec35dd04571415982c5e48/linux-amd64/libnative-platform.so
Event: 0.691 Loaded shared library /home/lokesh/Downloads/lokesh/GCEPlusELearninaagok/native/100fb08df4bc3b14c8652ba06237920a3bd2aa13389f12d3474272988ae205f9/linux-amd64/libnative-platform-file-events.so
Event: 1.535 Loaded shared library /home/lokesh/Documents/Android Studio/android-studio-2024.3.1.15-linux/android-studio/jbr/lib/libmanagement.so
Event: 1.537 Loaded shared library /home/lokesh/Documents/Android Studio/android-studio-2024.3.1.15-linux/android-studio/jbr/lib/libmanagement_ext.so
Event: 1.728 Loaded shared library /home/lokesh/Documents/Android Studio/android-studio-2024.3.1.15-linux/android-studio/jbr/lib/libextnet.so

Deoptimization events (20 events):
Event: 6534.850 Thread 0x00007da508100a10 Uncommon trap: trap_request=0xffffffbe fr.pc=0x00007da5924b340c relative=0x00000000000002ac
Event: 6534.851 Thread 0x00007da508100a10 Uncommon trap: reason=profile_predicate action=maybe_recompile pc=0x00007da5924b340c method=java.util.Collections.indexedBinarySearch(Ljava/util/List;Ljava/lang/Object;)I @ 13 c2
Event: 6534.851 Thread 0x00007da508100a10 DEOPT PACKING pc=0x00007da5924b340c sp=0x00007da5073fddc0
Event: 6534.851 Thread 0x00007da508100a10 DEOPT UNPACKING pc=0x00007da59138af99 sp=0x00007da5073fdd60 mode 2
Event: 6534.869 Thread 0x00007da50c00cd20 Uncommon trap: trap_request=0xffffffd6 fr.pc=0x00007da592386d54 relative=0x00000000000007f4
Event: 6534.869 Thread 0x00007da50c00cd20 Uncommon trap: reason=array_check action=maybe_recompile pc=0x00007da592386d54 method=com.sun.org.apache.xerces.internal.utils.XMLLimitAnalyzer.addValue(ILjava/lang/String;I)V @ 123 c2
Event: 6534.869 Thread 0x00007da50c00cd20 DEOPT PACKING pc=0x00007da592386d54 sp=0x00007da5328fc330
Event: 6534.869 Thread 0x00007da50c00cd20 DEOPT UNPACKING pc=0x00007da59138af99 sp=0x00007da5328fc2d0 mode 2
Event: 6534.870 Thread 0x00007da50c00cd20 Uncommon trap: trap_request=0xffffff6e fr.pc=0x00007da591f45594 relative=0x0000000000003434
Event: 6534.870 Thread 0x00007da50c00cd20 Uncommon trap: reason=loop_limit_check action=maybe_recompile pc=0x00007da591f45594 method=com.sun.org.apache.xerces.internal.parsers.AbstractDOMParser.startElement(Lcom/sun/org/apache/xerces/internal/xni/QName;Lcom/sun/org/apache/xerces/internal/xni/XMLA
Event: 6534.870 Thread 0x00007da50c00cd20 DEOPT PACKING pc=0x00007da591f45594 sp=0x00007da5328fc500
Event: 6534.870 Thread 0x00007da50c00cd20 DEOPT UNPACKING pc=0x00007da59138af99 sp=0x00007da5328fc4d0 mode 2
Event: 6535.032 Thread 0x00007da50c00cd20 Uncommon trap: trap_request=0xffffffc6 fr.pc=0x00007da591b0eebc relative=0x00000000000015bc
Event: 6535.032 Thread 0x00007da50c00cd20 Uncommon trap: reason=bimorphic_or_optimized_type_check action=maybe_recompile pc=0x00007da591b0eebc method=com.sun.org.apache.xerces.internal.dom.AttributeMap.setNamedItem(Lorg/w3c/dom/Node;)Lorg/w3c/dom/Node; @ 43 c2
Event: 6535.032 Thread 0x00007da50c00cd20 DEOPT PACKING pc=0x00007da591b0eebc sp=0x00007da5328fc970
Event: 6535.032 Thread 0x00007da50c00cd20 DEOPT UNPACKING pc=0x00007da59138af99 sp=0x00007da5328fc940 mode 2
Event: 6535.032 Thread 0x00007da50c00cd20 Uncommon trap: trap_request=0xffffffc6 fr.pc=0x00007da591b0eebc relative=0x00000000000015bc
Event: 6535.032 Thread 0x00007da50c00cd20 Uncommon trap: reason=bimorphic_or_optimized_type_check action=maybe_recompile pc=0x00007da591b0eebc method=com.sun.org.apache.xerces.internal.dom.AttributeMap.setNamedItem(Lorg/w3c/dom/Node;)Lorg/w3c/dom/Node; @ 43 c2
Event: 6535.032 Thread 0x00007da50c00cd20 DEOPT PACKING pc=0x00007da591b0eebc sp=0x00007da5328fc970
Event: 6535.032 Thread 0x00007da50c00cd20 DEOPT UNPACKING pc=0x00007da59138af99 sp=0x00007da5328fc940 mode 2

Classes loaded (20 events):
Event: 728.313 Loading class sun/security/pkcs/EncryptedPrivateKeyInfo
Event: 728.314 Loading class sun/security/pkcs/EncryptedPrivateKeyInfo done
Event: 728.487 Loading class java/security/KeyStore$PrivateKeyEntry
Event: 728.487 Loading class java/security/KeyStore$Entry
Event: 728.487 Loading class java/security/KeyStore$Entry done
Event: 728.487 Loading class java/security/KeyStore$PrivateKeyEntry done
Event: 728.487 Loading class java/security/PKCS12Attribute
Event: 728.487 Loading class java/security/KeyStore$Entry$Attribute
Event: 728.488 Loading class java/security/KeyStore$Entry$Attribute done
Event: 728.488 Loading class java/security/PKCS12Attribute done
Event: 728.756 Loading class java/nio/BufferOverflowException
Event: 728.756 Loading class java/nio/BufferOverflowException done
Event: 728.760 Loading class java/security/DigestException
Event: 728.760 Loading class java/security/DigestException done
Event: 728.775 Loading class java/util/concurrent/ForkJoinTask$AdaptedInterruptibleRunnable
Event: 728.775 Loading class java/util/concurrent/ForkJoinTask$AdaptedInterruptibleRunnable done
Event: 728.826 Loading class sun/security/rsa/RSACore$BlindingParameters
Event: 728.827 Loading class sun/security/rsa/RSACore$BlindingParameters done
Event: 728.833 Loading class sun/security/rsa/RSACore$BlindingRandomPair
Event: 728.833 Loading class sun/security/rsa/RSACore$BlindingRandomPair done

Classes unloaded (0 events):
No events

Classes redefined (0 events):
No events

Internal exceptions (20 events):
Event: 6509.027 Thread 0x00007da516043c50 Exception <a 'java/io/IOException'{0x000000009ae36718}> (0x000000009ae36718) 
thrown [src/hotspot/share/prims/jni.cpp, line 535]
Event: 6514.026 Thread 0x00007da516043c50 Exception <a 'java/io/IOException'{0x000000009ae3cdb0}> (0x000000009ae3cdb0) 
thrown [src/hotspot/share/prims/jni.cpp, line 535]
Event: 6519.026 Thread 0x00007da516043c50 Exception <a 'java/io/IOException'{0x000000009ae97728}> (0x000000009ae97728) 
thrown [src/hotspot/share/prims/jni.cpp, line 535]
Event: 6524.027 Thread 0x00007da516043c50 Exception <a 'java/io/IOException'{0x000000009ae9ddc0}> (0x000000009ae9ddc0) 
thrown [src/hotspot/share/prims/jni.cpp, line 535]
Event: 6529.026 Thread 0x00007da516043c50 Exception <a 'java/io/IOException'{0x000000009aea4458}> (0x000000009aea4458) 
thrown [src/hotspot/share/prims/jni.cpp, line 535]
Event: 6534.026 Thread 0x00007da516043c50 Exception <a 'java/io/IOException'{0x000000009aeaaaf0}> (0x000000009aeaaaf0) 
thrown [src/hotspot/share/prims/jni.cpp, line 535]
Event: 6534.144 Thread 0x00007da5400ae8f0 Exception <a 'sun/nio/fs/UnixException'{0x000000009a8b7518}> (0x000000009a8b7518) 
thrown [src/hotspot/share/prims/jni.cpp, line 535]
Event: 6534.145 Thread 0x00007da5400ae8f0 Exception <a 'sun/nio/fs/UnixException'{0x000000009a8b86a8}> (0x000000009a8b86a8) 
thrown [src/hotspot/share/prims/jni.cpp, line 535]
Event: 6534.145 Thread 0x00007da5400ae8f0 Exception <a 'sun/nio/fs/UnixException'{0x000000009a8b9830}> (0x000000009a8b9830) 
thrown [src/hotspot/share/prims/jni.cpp, line 535]
Event: 6534.145 Thread 0x00007da5400ae8f0 Exception <a 'sun/nio/fs/UnixException'{0x000000009a7babd0}> (0x000000009a7babd0) 
thrown [src/hotspot/share/prims/jni.cpp, line 535]
Event: 6534.444 Thread 0x00007da5400ae8f0 Exception <a 'java/lang/NoClassDefFoundError'{0x0000000096956b38}: org/jetbrains/kotlin/gradle/plugin/KotlinBaseApiPlugin> (0x0000000096956b38) 
thrown [src/hotspot/share/oops/constantPool.cpp, line 873]
Event: 6534.447 Thread 0x00007da5400ae8f0 Exception <a 'java/lang/NoClassDefFoundError'{0x0000000096972f80}: org/jetbrains/kotlin/gradle/plugin/KotlinBasePluginWrapper> (0x0000000096972f80) 
thrown [src/hotspot/share/oops/constantPool.cpp, line 873]
Event: 6534.450 Thread 0x00007da5400ae8f0 Exception <a 'java/lang/NoClassDefFoundError'{0x0000000096990818}: org/jetbrains/kotlin/gradle/plugin/KotlinBasePluginWrapper> (0x0000000096990818) 
thrown [src/hotspot/share/oops/constantPool.cpp, line 873]
Event: 6534.452 Thread 0x00007da5400ae8f0 Exception <a 'java/lang/NoClassDefFoundError'{0x00000000969a0b48}: org/jetbrains/kotlin/gradle/plugin/KotlinBasePluginWrapper> (0x00000000969a0b48) 
thrown [src/hotspot/share/oops/constantPool.cpp, line 873]
Event: 6534.455 Thread 0x00007da5400ae8f0 Exception <a 'java/lang/NoClassDefFoundError'{0x00000000969b5d90}: org/jetbrains/kotlin/gradle/plugin/KotlinBasePluginWrapper> (0x00000000969b5d90) 
thrown [src/hotspot/share/oops/constantPool.cpp, line 873]
Event: 6534.458 Thread 0x00007da5400ae8f0 Exception <a 'java/lang/NoClassDefFoundError'{0x00000000969d2860}: org/jetbrains/kotlin/gradle/plugin/KotlinBasePluginWrapper> (0x00000000969d2860) 
thrown [src/hotspot/share/oops/constantPool.cpp, line 873]
Event: 6534.496 Thread 0x00007da5400ae8f0 Exception <a 'java/lang/NoClassDefFoundError'{0x0000000096655778}: org/jetbrains/kotlin/gradle/plugin/KotlinBasePluginWrapper> (0x0000000096655778) 
thrown [src/hotspot/share/oops/constantPool.cpp, line 873]
Event: 6534.607 Thread 0x00007da5400ae8f0 Exception <a 'sun/nio/fs/UnixException'{0x00000000962bce60}> (0x00000000962bce60) 
thrown [src/hotspot/share/prims/jni.cpp, line 535]
Event: 6534.631 Thread 0x00007da50c628320 Exception <a 'sun/nio/fs/UnixException'{0x0000000095a80370}> (0x0000000095a80370) 
thrown [src/hotspot/share/prims/jni.cpp, line 535]
Event: 6534.848 Thread 0x00007da50c560130 Exception <a 'sun/nio/fs/UnixException'{0x00000000ffb81b60}> (0x00000000ffb81b60) 
thrown [src/hotspot/share/prims/jni.cpp, line 535]

ZGC Phase Switch (0 events):
No events

VM Operations (20 events):
Event: 6149.708 Executing VM operation: ICBufferFull
Event: 6149.708 Executing VM operation: ICBufferFull done
Event: 6150.708 Executing VM operation: Cleanup
Event: 6150.708 Executing VM operation: Cleanup done
Event: 6170.711 Executing VM operation: Cleanup
Event: 6170.711 Executing VM operation: Cleanup done
Event: 6183.610 Executing VM operation: HandshakeAllThreads (HandshakeForDeflation)
Event: 6183.610 Executing VM operation: HandshakeAllThreads (HandshakeForDeflation) done
Event: 6183.610 Executing VM operation: RendezvousGCThreads
Event: 6183.610 Executing VM operation: RendezvousGCThreads done
Event: 6210.619 Executing VM operation: Cleanup
Event: 6210.619 Executing VM operation: Cleanup done
Event: 6377.647 Executing VM operation: Cleanup
Event: 6377.647 Executing VM operation: Cleanup done
Event: 6382.648 Executing VM operation: Cleanup
Event: 6382.648 Executing VM operation: Cleanup done
Event: 6534.674 Executing VM operation: Cleanup
Event: 6534.674 Executing VM operation: Cleanup done
Event: 6534.771 Executing VM operation: G1TryInitiateConcMark (G1 Humongous Allocation)
Event: 6534.836 Executing VM operation: G1TryInitiateConcMark (G1 Humongous Allocation) done

Memory protections (20 events):
Event: 6534.139 Protecting memory [0x00007da531b02000,0x00007da531b06000] with protection modes 0
Event: 6534.139 Protecting memory [0x00007da533400000,0x00007da533404000] with protection modes 0
Event: 6534.142 Protecting memory [0x00007da506d00000,0x00007da506d04000] with protection modes 0
Event: 6534.304 Protecting memory [0x00007da530e02000,0x00007da530e06000] with protection modes 0
Event: 6534.304 Protecting memory [0x00007da533500000,0x00007da533504000] with protection modes 0
Event: 6534.305 Protecting memory [0x00007da506c00000,0x00007da506c04000] with protection modes 0
Event: 6534.326 Protecting memory [0x00007da531402000,0x00007da531406000] with protection modes 0
Event: 6534.327 Protecting memory [0x00007da532d02000,0x00007da532d06000] with protection modes 0
Event: 6534.327 Protecting memory [0x00007da507c00000,0x00007da507c04000] with protection modes 0
Event: 6534.375 Protecting memory [0x00007da531e02000,0x00007da531e06000] with protection modes 0
Event: 6534.608 Protecting memory [0x00007da507a00000,0x00007da507a04000] with protection modes 0
Event: 6534.608 Protecting memory [0x00007da584000000,0x00007da584004000] with protection modes 0
Event: 6534.626 Protecting memory [0x00007da532302000,0x00007da532306000] with protection modes 0
Event: 6534.627 Protecting memory [0x00007da507200000,0x00007da507204000] with protection modes 0
Event: 6534.628 Protecting memory [0x00007da507f00000,0x00007da507f04000] with protection modes 0
Event: 6534.628 Protecting memory [0x00007da507300000,0x00007da507304000] with protection modes 0
Event: 6534.628 Protecting memory [0x00007da532802000,0x00007da532806000] with protection modes 0
Event: 6534.721 Protecting memory [0x00007da507100000,0x00007da507104000] with protection modes 0
Event: 6534.721 Protecting memory [0x00007da533000000,0x00007da533004000] with protection modes 0
Event: 6534.722 Protecting memory [0x00007da507400000,0x00007da507404000] with protection modes 0

Nmethod flushes (20 events):
Event: 726.294 Thread 0x00007da59c16f7a0 flushing  nmethod 0x00007da58bdd4a10
Event: 726.294 Thread 0x00007da59c16f7a0 flushing  nmethod 0x00007da58bdd5010
Event: 726.294 Thread 0x00007da59c16f7a0 flushing  nmethod 0x00007da58bddfc90
Event: 726.294 Thread 0x00007da59c16f7a0 flushing  nmethod 0x00007da58bde0810
Event: 726.294 Thread 0x00007da59c16f7a0 flushing  nmethod 0x00007da58bde3e10
Event: 726.294 Thread 0x00007da59c16f7a0 flushing  nmethod 0x00007da58bde5f90
Event: 726.294 Thread 0x00007da59c16f7a0 flushing  nmethod 0x00007da58bde6b10
Event: 726.294 Thread 0x00007da59c16f7a0 flushing  nmethod 0x00007da58bde8d10
Event: 726.294 Thread 0x00007da59c16f7a0 flushing  nmethod 0x00007da58be00690
Event: 726.294 Thread 0x00007da59c16f7a0 flushing  nmethod 0x00007da58be01110
Event: 726.294 Thread 0x00007da59c16f7a0 flushing  nmethod 0x00007da58be02c90
Event: 726.294 Thread 0x00007da59c16f7a0 flushing  nmethod 0x00007da58be04910
Event: 726.294 Thread 0x00007da59c16f7a0 flushing  nmethod 0x00007da58be05090
Event: 726.294 Thread 0x00007da59c16f7a0 flushing  nmethod 0x00007da58be05690
Event: 726.294 Thread 0x00007da59c16f7a0 flushing  nmethod 0x00007da58be07490
Event: 726.294 Thread 0x00007da59c16f7a0 flushing  nmethod 0x00007da58be07810
Event: 726.294 Thread 0x00007da59c16f7a0 flushing  nmethod 0x00007da58be08490
Event: 726.294 Thread 0x00007da59c16f7a0 flushing  nmethod 0x00007da58be0af10
Event: 726.294 Thread 0x00007da59c16f7a0 flushing  nmethod 0x00007da58be0b310
Event: 726.294 Thread 0x00007da59c16f7a0 flushing  nmethod 0x00007da58be0cd90

Events (20 events):
Event: 6534.137 Thread 0x00007da5400ae8f0 Thread added: 0x00007da54801c830
Event: 6534.139 Thread 0x00007da5400ae8f0 Thread added: 0x00007da54801d090
Event: 6534.142 Thread 0x00007da5400ae8f0 Thread added: 0x00007da54801dbe0
Event: 6534.304 Thread 0x00007da5400ae8f0 Thread added: 0x00007da548031410
Event: 6534.304 Thread 0x00007da5400ae8f0 Thread added: 0x00007da548031f10
Event: 6534.305 Thread 0x00007da5400ae8f0 Thread added: 0x00007da548032fb0
Event: 6534.326 Thread 0x00007da5400ae8f0 Thread added: 0x00007da548037bd0
Event: 6534.327 Thread 0x00007da5400ae8f0 Thread added: 0x00007da5480386e0
Event: 6534.327 Thread 0x00007da5400ae8f0 Thread added: 0x00007da548039520
Event: 6534.375 Thread 0x00007da5400ae8f0 Thread added: 0x00007da548037120
Event: 6534.607 Thread 0x00007da5400ae8f0 Thread added: 0x00007da548034fa0
Event: 6534.608 Thread 0x00007da5400ae8f0 Thread added: 0x00007da548035c40
Event: 6534.626 Thread 0x00007da5400ae8f0 Thread added: 0x00007da54803a5c0
Event: 6534.627 Thread 0x00007da54803a5c0 Thread added: 0x00007da50c628320
Event: 6534.628 Thread 0x00007da54803a5c0 Thread added: 0x00007da50c560130
Event: 6534.628 Thread 0x00007da50c628320 Thread added: 0x00007da508100a10
Event: 6534.628 Thread 0x00007da54803a5c0 Thread added: 0x00007da50c00cd20
Event: 6534.721 Thread 0x00007da50c628320 Thread added: 0x00007da508324f80
Event: 6534.721 Thread 0x00007da50c628320 Thread added: 0x00007da50804f770
Event: 6534.722 Thread 0x00007da50c628320 Thread added: 0x00007da508013580


Dynamic libraries:
80000000-a6b00000 rw-p 00000000 00:00 0 
a6b00000-fcb00000 ---p 00000000 00:00 0 
fcb00000-100010000 rw-p 00000000 00:00 0 
100010000-100030000 rw-p 00000000 00:00 0 
100030000-1000b0000 rw-p 00000000 00:00 0 
1000b0000-100130000 rw-p 00000000 00:00 0 
100130000-1001d0000 rw-p 00000000 00:00 0 
1001d0000-1001f0000 rw-p 00000000 00:00 0 
1001f0000-100230000 rw-p 00000000 00:00 0 
100230000-100270000 rw-p 00000000 00:00 0 
100270000-100630000 rw-p 00000000 00:00 0 
100630000-100870000 rw-p 00000000 00:00 0 
100870000-1009f0000 rw-p 00000000 00:00 0 
1009f0000-100a30000 rw-p 00000000 00:00 0 
100a30000-100a70000 rw-p 00000000 00:00 0 
100a70000-100ed0000 rw-p 00000000 00:00 0 
100ed0000-100ff0000 rw-p 00000000 00:00 0 
100ff0000-101350000 rw-p 00000000 00:00 0 
101350000-101370000 rw-p 00000000 00:00 0 
101370000-101530000 rw-p 00000000 00:00 0 
101530000-101560000 rw-p 00000000 00:00 0 
101560000-101580000 ---p 00000000 00:00 0 
101580000-101ab0000 rw-p 00000000 00:00 0 
101ab0000-140000000 ---p 00000000 00:00 0 
5bef36f00000-5bef36f01000 r--p 00000000 08:02 1649337                    /home/lokesh/Documents/Android Studio/android-studio-2024.3.1.15-linux/android-studio/jbr/bin/java
5bef36f01000-5bef36f02000 r-xp 00000000 08:02 1649337                    /home/lokesh/Documents/Android Studio/android-studio-2024.3.1.15-linux/android-studio/jbr/bin/java
5bef36f02000-5bef36f04000 r--p 00000000 08:02 1649337                    /home/lokesh/Documents/Android Studio/android-studio-2024.3.1.15-linux/android-studio/jbr/bin/java
5bef36f04000-5bef36f05000 rw-p 00001000 08:02 1649337                    /home/lokesh/Documents/Android Studio/android-studio-2024.3.1.15-linux/android-studio/jbr/bin/java
5bef41d10000-5bef429f4000 rw-p 00000000 00:00 0                          [heap]
7da4f4000000-7da4f495f000 rw-p 00000000 00:00 0 
7da4f495f000-7da4f8000000 ---p 00000000 00:00 0 
7da4f8000000-7da4f80f0000 rw-p 00000000 00:00 0 
7da4f80f0000-7da4f81f0000 rw-p 00000000 00:00 0 
7da4f81f0000-7da4f8290000 rw-p 00000000 00:00 0 
7da4f8290000-7da4f83f0000 rw-p 00000000 00:00 0 
7da4f83f0000-7da4fa0f0000 rw-p 00000000 00:00 0 
7da4fa0f0000-7da4fa170000 rw-p 00000000 00:00 0 
7da4fa170000-7da4fa200000 ---p 00000000 00:00 0 
7da4fa200000-7da4fac00000 rw-p 00000000 00:00 0 
7da4fac00000-7da4fc000000 ---p 00000000 00:00 0 
7da4fc000000-7da4fd730000 rw-p 00000000 00:00 0 
7da4fd730000-7da4fd8f0000 rw-p 00000000 00:00 0 
7da4fd8f0000-7da4fd9f0000 rw-p 00000000 00:00 0 
7da4fd9f0000-7da4fdaf0000 rw-p 00000000 00:00 0 
7da4fdaf0000-7da4fdbf0000 rw-p 00000000 00:00 0 
7da4fdbf0000-7da4fe090000 rw-p 00000000 00:00 0 
7da4fe090000-7da4ff5f0000 rw-p 00000000 00:00 0 
7da4ff5f0000-7da4ff7b0000 rw-p 00000000 00:00 0 
7da4ff7b0000-7da4ff8f0000 rw-p 00000000 00:00 0 
7da4ff8f0000-7da4ffff0000 rw-p 00000000 00:00 0 
7da4ffff0000-7da50007b000 rw-p 00000000 00:00 0 
7da50007b000-7da504000000 ---p 00000000 00:00 0 
7da506a00000-7da506a04000 ---p 00000000 00:00 0 
7da506a04000-7da506b00000 rw-p 00000000 00:00 0 
7da506c00000-7da506c04000 ---p 00000000 00:00 0 
7da506c04000-7da506d00000 rw-p 00000000 00:00 0 
7da506d00000-7da506d04000 ---p 00000000 00:00 0 
7da506d04000-7da506e00000 rw-p 00000000 00:00 0 
7da506e00000-7da506e04000 ---p 00000000 00:00 0 
7da506e04000-7da506f00000 rw-p 00000000 00:00 0 
7da506f00000-7da506f04000 ---p 00000000 00:00 0 
7da506f04000-7da507000000 rw-p 00000000 00:00 0 
7da507000000-7da507004000 ---p 00000000 00:00 0 
7da507004000-7da507100000 rw-p 00000000 00:00 0 
7da507100000-7da507104000 ---p 00000000 00:00 0 
7da507104000-7da507200000 rw-p 00000000 00:00 0 
7da507200000-7da507204000 ---p 00000000 00:00 0 
7da507204000-7da507300000 rw-p 00000000 00:00 0 
7da507300000-7da507304000 ---p 00000000 00:00 0 
7da507304000-7da507400000 rw-p 00000000 00:00 0 
7da507400000-7da507404000 ---p 00000000 00:00 0 
7da507404000-7da507500000 rw-p 00000000 00:00 0 
7da507900000-7da507904000 ---p 00000000 00:00 0 
7da507904000-7da507a00000 rw-p 00000000 00:00 0 
7da507a00000-7da507a04000 ---p 00000000 00:00 0 
7da507a04000-7da507b00000 rw-p 00000000 00:00 0 
7da507b00000-7da507b04000 ---p 00000000 00:00 0 
7da507b04000-7da507c00000 rw-p 00000000 00:00 0 
7da507c00000-7da507c04000 ---p 00000000 00:00 0 
7da507c04000-7da507d00000 rw-p 00000000 00:00 0 
7da507d00000-7da507d04000 ---p 00000000 00:00 0 
7da507d04000-7da507e00000 rw-p 00000000 00:00 0 
7da507e00000-7da507e04000 ---p 00000000 00:00 0 
7da507e04000-7da507f00000 rw-p 00000000 00:00 0 
7da507f00000-7da507f04000 ---p 00000000 00:00 0 
7da507f04000-7da508000000 rw-p 00000000 00:00 0 
7da508000000-7da5095c1000 rw-p 00000000 00:00 0 
7da5095c1000-7da50c000000 ---p 00000000 00:00 0 
7da50c000000-7da50c679000 rw-p 00000000 00:00 0 
7da50c679000-7da510000000 ---p 00000000 00:00 0 
7da510000000-7da510180000 rw-p 00000000 00:00 0 
7da510180000-7da514000000 ---p 00000000 00:00 0 
7da514000000-7da5176e7000 rw-p 00000000 00:00 0 
7da5176e7000-7da518000000 ---p 00000000 00:00 0 
7da518000000-7da51829c000 rw-p 00000000 00:00 0 
7da51829c000-7da51c000000 ---p 00000000 00:00 0 
7da51c000000-7da51db2f000 rw-p 00000000 00:00 0 
7da51db2f000-7da520000000 ---p 00000000 00:00 0 
7da520000000-7da5200d7000 rw-p 00000000 00:00 0 
7da5200d7000-7da524000000 ---p 00000000 00:00 0 
7da524000000-7da5240fc000 rw-p 00000000 00:00 0 
7da5240fc000-7da528000000 ---p 00000000 00:00 0 
7da528000000-7da529a1f000 rw-p 00000000 00:00 0 
7da529a1f000-7da52c000000 ---p 00000000 00:00 0 
7da52c000000-7da52c0dd000 rw-p 00000000 00:00 0 
7da52c0dd000-7da530000000 ---p 00000000 00:00 0 
7da530002000-7da530006000 ---p 00000000 00:00 0 
7da530006000-7da530102000 rw-p 00000000 00:00 0 
7da530200000-7da530204000 ---p 00000000 00:00 0 
7da530204000-7da530300000 rw-p 00000000 00:00 0 
7da530300000-7da530304000 ---p 00000000 00:00 0 
7da530304000-7da530400000 rw-p 00000000 00:00 0 
7da530400000-7da5307af000 r--s 00000000 08:02 3432768                    /home/lokesh/Downloads/lokesh/GCEPlusELearninaagok/caches/8.11.1/transforms/fba0f50fc55f3a77f291db258b081385/transformed/output/jdkImage/lib/modules
7da530c02000-7da530c06000 ---p 00000000 00:00 0 
7da530c06000-7da530d02000 rw-p 00000000 00:00 0 
7da530d02000-7da530d06000 ---p 00000000 00:00 0 
7da530d06000-7da530e02000 rw-p 00000000 00:00 0 
7da530e02000-7da530e06000 ---p 00000000 00:00 0 
7da530e06000-7da530f02000 rw-p 00000000 00:00 0 
7da530f02000-7da530f06000 ---p 00000000 00:00 0 
7da530f06000-7da531002000 rw-p 00000000 00:00 0 
7da531202000-7da531206000 ---p 00000000 00:00 0 
7da531206000-7da531302000 rw-p 00000000 00:00 0 
7da531402000-7da531406000 ---p 00000000 00:00 0 
7da531406000-7da531502000 rw-p 00000000 00:00 0 
7da531502000-7da531506000 ---p 00000000 00:00 0 
7da531506000-7da531602000 rw-p 00000000 00:00 0 
7da531602000-7da531606000 ---p 00000000 00:00 0 
7da531606000-7da531702000 rw-p 00000000 00:00 0 
7da531902000-7da531906000 ---p 00000000 00:00 0 
7da531906000-7da531a02000 rw-p 00000000 00:00 0 
7da531a02000-7da531a06000 ---p 00000000 00:00 0 
7da531a06000-7da531b02000 rw-p 00000000 00:00 0 
7da531b02000-7da531b06000 ---p 00000000 00:00 0 
7da531b06000-7da531c02000 rw-p 00000000 00:00 0 
7da531c02000-7da531c06000 ---p 00000000 00:00 0 
7da531c06000-7da531d02000 rw-p 00000000 00:00 0 
7da531d02000-7da531d06000 ---p 00000000 00:00 0 
7da531d06000-7da531e02000 rw-p 00000000 00:00 0 
7da531e02000-7da531e06000 ---p 00000000 00:00 0 
7da531e06000-7da531f02000 rw-p 00000000 00:00 0 
7da531f02000-7da531f06000 ---p 00000000 00:00 0 
7da531f06000-7da532002000 rw-p 00000000 00:00 0 
7da532002000-7da532006000 ---p 00000000 00:00 0 
7da532006000-7da532102000 rw-p 00000000 00:00 0 
7da532102000-7da532106000 ---p 00000000 00:00 0 
7da532106000-7da532202000 rw-p 00000000 00:00 0 
7da532202000-7da532206000 ---p 00000000 00:00 0 
7da532206000-7da532302000 rw-p 00000000 00:00 0 
7da532302000-7da532306000 ---p 00000000 00:00 0 
7da532306000-7da532402000 rw-p 00000000 00:00 0 
7da532402000-7da532406000 ---p 00000000 00:00 0 
7da532406000-7da532502000 rw-p 00000000 00:00 0 
7da532802000-7da532806000 ---p 00000000 00:00 0 
7da532806000-7da532902000 rw-p 00000000 00:00 0 
7da532902000-7da532906000 ---p 00000000 00:00 0 
7da532906000-7da532a02000 rw-p 00000000 00:00 0 
7da532a02000-7da532a06000 ---p 00000000 00:00 0 
7da532a06000-7da532b02000 rw-p 00000000 00:00 0 
7da532b02000-7da532b06000 ---p 00000000 00:00 0 
7da532b06000-7da532c02000 rw-p 00000000 00:00 0 
7da532c02000-7da532c06000 ---p 00000000 00:00 0 
7da532c06000-7da532d02000 rw-p 00000000 00:00 0 
7da532d02000-7da532d06000 ---p 00000000 00:00 0 
7da532d06000-7da532e02000 rw-p 00000000 00:00 0 
7da532e02000-7da532e06000 ---p 00000000 00:00 0 
7da532e06000-7da532f02000 rw-p 00000000 00:00 0 
7da533000000-7da533004000 ---p 00000000 00:00 0 
7da533004000-7da533100000 rw-p 00000000 00:00 0 
7da533100000-7da533104000 ---p 00000000 00:00 0 
7da533104000-7da533200000 rw-p 00000000 00:00 0 
7da533200000-7da533204000 ---p 00000000 00:00 0 
7da533204000-7da533300000 rw-p 00000000 00:00 0 
7da533300000-7da533304000 ---p 00000000 00:00 0 
7da533304000-7da533400000 rw-p 00000000 00:00 0 
7da533400000-7da533404000 ---p 00000000 00:00 0 
7da533404000-7da533500000 rw-p 00000000 00:00 0 
7da533500000-7da533504000 ---p 00000000 00:00 0 
7da533504000-7da533600000 rw-p 00000000 00:00 0 
7da533600000-7da533604000 ---p 00000000 00:00 0 
7da533604000-7da533700000 rw-p 00000000 00:00 0 
7da533700000-7da533704000 ---p 00000000 00:00 0 
7da533704000-7da533800000 rw-p 00000000 00:00 0 
7da533800000-7da53389d000 r--p 00000000 08:02 9308974                    /usr/lib/x86_64-linux-gnu/libstdc++.so.6.0.33
7da53389d000-7da5339e5000 r-xp 0009d000 08:02 9308974                    /usr/lib/x86_64-linux-gnu/libstdc++.so.6.0.33
7da5339e5000-7da533a6c000 r--p 001e5000 08:02 9308974                    /usr/lib/x86_64-linux-gnu/libstdc++.so.6.0.33
7da533a6c000-7da533a77000 r--p 0026b000 08:02 9308974                    /usr/lib/x86_64-linux-gnu/libstdc++.so.6.0.33
7da533a77000-7da533a7a000 rw-p 00276000 08:02 9308974                    /usr/lib/x86_64-linux-gnu/libstdc++.so.6.0.33
7da533a7a000-7da533a7e000 rw-p 00000000 00:00 0 
7da533c00000-7da533c53000 r-xp 00000000 08:02 3016238                    /home/lokesh/Downloads/lokesh/GCEPlusELearninaagok/native/100fb08df4bc3b14c8652ba06237920a3bd2aa13389f12d3474272988ae205f9/linux-amd64/libnative-platform-file-events.so
7da533c53000-7da533e52000 ---p 00053000 08:02 3016238                    /home/lokesh/Downloads/lokesh/GCEPlusELearninaagok/native/100fb08df4bc3b14c8652ba06237920a3bd2aa13389f12d3474272988ae205f9/linux-amd64/libnative-platform-file-events.so
7da533e52000-7da533e53000 r--p 00052000 08:02 3016238                    /home/lokesh/Downloads/lokesh/GCEPlusELearninaagok/native/100fb08df4bc3b14c8652ba06237920a3bd2aa13389f12d3474272988ae205f9/linux-amd64/libnative-platform-file-events.so
7da533e53000-7da533e55000 rw-p 00053000 08:02 3016238                    /home/lokesh/Downloads/lokesh/GCEPlusELearninaagok/native/100fb08df4bc3b14c8652ba06237920a3bd2aa13389f12d3474272988ae205f9/linux-amd64/libnative-platform-file-events.so
7da533f00000-7da533f04000 ---p 00000000 00:00 0 
7da533f04000-7da534000000 rw-p 00000000 00:00 0 
7da534000000-7da5340b1000 rw-p 00000000 00:00 0 
7da5340b1000-7da538000000 ---p 00000000 00:00 0 
7da538000000-7da538813000 rw-p 00000000 00:00 0 
7da538813000-7da53c000000 ---p 00000000 00:00 0 
7da53c000000-7da53c153000 rw-p 00000000 00:00 0 
7da53c153000-7da540000000 ---p 00000000 00:00 0 
7da540000000-7da541937000 rw-p 00000000 00:00 0 
7da541937000-7da544000000 ---p 00000000 00:00 0 
7da544000000-7da54523d000 rw-p 00000000 00:00 0 
7da54523d000-7da548000000 ---p 00000000 00:00 0 
7da548000000-7da54811d000 rw-p 00000000 00:00 0 
7da54811d000-7da54c000000 ---p 00000000 00:00 0 
7da54c000000-7da54c181000 rw-p 00000000 00:00 0 
7da54c181000-7da550000000 ---p 00000000 00:00 0 
7da550000000-7da553ff0000 rw-p 00000000 00:00 0 
7da553ff0000-7da554000000 ---p 00000000 00:00 0 
7da554000000-7da55404a000 rw-p 00000000 00:00 0 
7da55404a000-7da558000000 ---p 00000000 00:00 0 
7da558000000-7da558125000 rw-p 00000000 00:00 0 
7da558125000-7da55c000000 ---p 00000000 00:00 0 
7da55c000000-7da55c0c9000 rw-p 00000000 00:00 0 
7da55c0c9000-7da560000000 ---p 00000000 00:00 0 
7da560000000-7da560f92000 rw-p 00000000 00:00 0 
7da560f92000-7da564000000 ---p 00000000 00:00 0 
7da564000000-7da5644f0000 rw-p 00000000 00:00 0 
7da5644f0000-7da564510000 rw-p 00000000 00:00 0 
7da564510000-7da564530000 rw-p 00000000 00:00 0 
7da564530000-7da564570000 rw-p 00000000 00:00 0 
7da564570000-7da564670000 rw-p 00000000 00:00 0 
7da564670000-7da5646f0000 rw-p 00000000 00:00 0 
7da5646f0000-7da5648f0000 rw-p 00000000 00:00 0 
7da5648f0000-7da5649f0000 rw-p 00000000 00:00 0 
7da5649f0000-7da564af0000 rw-p 00000000 00:00 0 
7da564af0000-7da564bf0000 rw-p 00000000 00:00 0 
7da564bf0000-7da564cf0000 rw-p 00000000 00:00 0 
7da564cf0000-7da564eb0000 rw-p 00000000 00:00 0 
7da564eb0000-7da564ef0000 rw-p 00000000 00:00 0 
7da564ef0000-7da5650f0000 rw-p 00000000 00:00 0 
7da5650f0000-7da5654f0000 rw-p 00000000 00:00 0 
7da5654f0000-7da5655f0000 rw-p 00000000 00:00 0 
7da5655f0000-7da566390000 rw-p 00000000 00:00 0 
7da566390000-7da5663b0000 rw-p 00000000 00:00 0 
7da5663b0000-7da5664f0000 rw-p 00000000 00:00 0 
7da5664f0000-7da5665f0000 rw-p 00000000 00:00 0 
7da5665f0000-7da5666f0000 rw-p 00000000 00:00 0 
7da5666f0000-7da5667f0000 rw-p 00000000 00:00 0 
7da5667f0000-7da567770000 rw-p 00000000 00:00 0 
7da567770000-7da5678f0000 rw-p 00000000 00:00 0 
7da5678f0000-7da567930000 rw-p 00000000 00:00 0 
7da567930000-7da567970000 rw-p 00000000 00:00 0 
7da567970000-7da567af0000 rw-p 00000000 00:00 0 
7da567af0000-7da567cf0000 rw-p 00000000 00:00 0 
7da567cf0000-7da567ef0000 rw-p 00000000 00:00 0 
7da567ef0000-7da567ff0000 rw-p 00000000 00:00 0 
7da567ff0000-7da569806000 rw-p 00000000 00:00 0 
7da569806000-7da56c000000 ---p 00000000 00:00 0 
7da56c000000-7da56c4c9000 rw-p 00000000 00:00 0 
7da56c4c9000-7da570000000 ---p 00000000 00:00 0 
7da570000000-7da570f96000 rw-p 00000000 00:00 0 
7da570f96000-7da574000000 ---p 00000000 00:00 0 
7da574000000-7da574098000 rw-p 00000000 00:00 0 
7da574098000-7da578000000 ---p 00000000 00:00 0 
7da578000000-7da578138000 rw-p 00000000 00:00 0 
7da578138000-7da57c000000 ---p 00000000 00:00 0 
7da57c000000-7da57c6d9000 rw-p 00000000 00:00 0 
7da57c6d9000-7da580000000 ---p 00000000 00:00 0 
7da580000000-7da58031f000 rw-p 00000000 00:00 0 
7da58031f000-7da584004000 ---p 00000000 00:00 0 
7da584004000-7da584100000 rw-p 00000000 00:00 0 
7da584100000-7da584104000 ---p 00000000 00:00 0 
7da584104000-7da584200000 rw-p 00000000 00:00 0 
7da584200000-7da584204000 ---p 00000000 00:00 0 
7da584204000-7da584300000 rw-p 00000000 00:00 0 
7da584300000-7da584304000 ---p 00000000 00:00 0 
7da584304000-7da584400000 rw-p 00000000 00:00 0 
7da584400000-7da584405000 r-xp 00000000 08:02 3047164                    /home/lokesh/Downloads/lokesh/GCEPlusELearninaagok/native/c067742578af261105cb4f569cf0c3c89f3d7b1fecec35dd04571415982c5e48/linux-amd64/libnative-platform.so
7da584405000-7da584605000 ---p 00005000 08:02 3047164                    /home/lokesh/Downloads/lokesh/GCEPlusELearninaagok/native/c067742578af261105cb4f569cf0c3c89f3d7b1fecec35dd04571415982c5e48/linux-amd64/libnative-platform.so
7da584605000-7da584606000 r--p 00005000 08:02 3047164                    /home/lokesh/Downloads/lokesh/GCEPlusELearninaagok/native/c067742578af261105cb4f569cf0c3c89f3d7b1fecec35dd04571415982c5e48/linux-amd64/libnative-platform.so
7da584606000-7da584607000 rw-p 00006000 08:02 3047164                    /home/lokesh/Downloads/lokesh/GCEPlusELearninaagok/native/c067742578af261105cb4f569cf0c3c89f3d7b1fecec35dd04571415982c5e48/linux-amd64/libnative-platform.so
7da5846fd000-7da5846fe000 ---p 00000000 00:00 0 
7da5846fe000-7da5847fe000 rw-p 00000000 00:00 0 
7da5847fe000-7da5847ff000 ---p 00000000 00:00 0 
7da5847ff000-7da5848ff000 rw-p 00000000 00:00 0 
7da5848ff000-7da584900000 ---p 00000000 00:00 0 
7da584900000-7da584a00000 rw-p 00000000 00:00 0 
7da584a00000-7da584a04000 ---p 00000000 00:00 0 
7da584a04000-7da584b00000 rw-p 00000000 00:00 0 
7da584b00000-7da584b04000 ---p 00000000 00:00 0 
7da584b04000-7da584c00000 rw-p 00000000 00:00 0 
7da584c00000-7da584c04000 ---p 00000000 00:00 0 
7da584c04000-7da584d00000 rw-p 00000000 00:00 0 
7da584d00000-7da584d04000 ---p 00000000 00:00 0 
7da584d04000-7da584e00000 rw-p 00000000 00:00 0 
7da584e00000-7da584e04000 ---p 00000000 00:00 0 
7da584e04000-7da584f00000 rw-p 00000000 00:00 0 
7da584f00000-7da584f04000 ---p 00000000 00:00 0 
7da584f04000-7da585000000 rw-p 00000000 00:00 0 
7da585000000-7da585004000 ---p 00000000 00:00 0 
7da585004000-7da585100000 rw-p 00000000 00:00 0 
7da585100000-7da585104000 ---p 00000000 00:00 0 
7da585104000-7da585200000 rw-p 00000000 00:00 0 
7da585200000-7da585204000 ---p 00000000 00:00 0 
7da585204000-7da585300000 rw-p 00000000 00:00 0 
7da585300000-7da585304000 ---p 00000000 00:00 0 
7da585304000-7da585400000 rw-p 00000000 00:00 0 
7da585400000-7da585975000 r--p 00000000 08:02 9306860                    /usr/lib/locale/locale-archive
7da5859e3000-7da5859e4000 ---p 00000000 00:00 0 
7da5859e4000-7da585ae4000 rw-p 00000000 00:00 0 
7da585ae4000-7da585ae5000 ---p 00000000 00:00 0 
7da585ae5000-7da585be5000 rw-p 00000000 00:00 0 
7da585cff000-7da585d00000 ---p 00000000 00:00 0 
7da585d00000-7da585e00000 rw-p 00000000 00:00 0 
7da585e00000-7da5887ac000 rw-p 00000000 00:00 0 
7da5887ac000-7da589d2c000 ---p 00000000 00:00 0 
7da589d2c000-7da589e00000 rw-p 00000000 00:00 0 
7da589e00000-7da58c370000 rwxp 00000000 00:00 0 
7da58c370000-7da591337000 ---p 00000000 00:00 0 
7da591337000-7da591667000 rwxp 00000000 00:00 0 
7da591667000-7da5918c8000 ---p 00000000 00:00 0 
7da5918c8000-7da5926f8000 rwxp 00000000 00:00 0 
7da5926f8000-7da598e00000 ---p 00000000 00:00 0 
7da598e00000-7da59bf5a000 r--s 00000000 08:02 1649019                    /home/lokesh/Documents/Android Studio/android-studio-2024.3.1.15-linux/android-studio/jbr/lib/modules
7da59bfa3000-7da59bfa4000 r--p 00000000 08:02 9321150                    /usr/lib/x86_64-linux-gnu/libnss_mdns4_minimal.so.2
7da59bfa4000-7da59bfa6000 r-xp 00001000 08:02 9321150                    /usr/lib/x86_64-linux-gnu/libnss_mdns4_minimal.so.2
7da59bfa6000-7da59bfa7000 r--p 00003000 08:02 9321150                    /usr/lib/x86_64-linux-gnu/libnss_mdns4_minimal.so.2
7da59bfa7000-7da59bfa8000 r--p 00003000 08:02 9321150                    /usr/lib/x86_64-linux-gnu/libnss_mdns4_minimal.so.2
7da59bfa8000-7da59bfa9000 rw-p 00004000 08:02 9321150                    /usr/lib/x86_64-linux-gnu/libnss_mdns4_minimal.so.2
7da59bfa9000-7da59bfad000 r--p 00000000 08:02 9308973                    /usr/lib/x86_64-linux-gnu/libgcc_s.so.1
7da59bfad000-7da59bfd1000 r-xp 00004000 08:02 9308973                    /usr/lib/x86_64-linux-gnu/libgcc_s.so.1
7da59bfd1000-7da59bfd5000 r--p 00028000 08:02 9308973                    /usr/lib/x86_64-linux-gnu/libgcc_s.so.1
7da59bfd5000-7da59bfd6000 r--p 0002b000 08:02 9308973                    /usr/lib/x86_64-linux-gnu/libgcc_s.so.1
7da59bfd6000-7da59bfd7000 rw-p 0002c000 08:02 9308973                    /usr/lib/x86_64-linux-gnu/libgcc_s.so.1
7da59bfef000-7da59bff5000 r--p 00000000 08:02 1649020                    /home/lokesh/Documents/Android Studio/android-studio-2024.3.1.15-linux/android-studio/jbr/lib/libverify.so
7da59bff5000-7da59bffd000 r-xp 00005000 08:02 1649020                    /home/lokesh/Documents/Android Studio/android-studio-2024.3.1.15-linux/android-studio/jbr/lib/libverify.so
7da59bffd000-7da59bfff000 r--p 0000c000 08:02 1649020                    /home/lokesh/Documents/Android Studio/android-studio-2024.3.1.15-linux/android-studio/jbr/lib/libverify.so
7da59bfff000-7da59c000000 rw-p 0000d000 08:02 1649020                    /home/lokesh/Documents/Android Studio/android-studio-2024.3.1.15-linux/android-studio/jbr/lib/libverify.so
7da59c000000-7da59e0b7000 rw-p 00000000 00:00 0 
7da59e0b7000-7da5a0000000 ---p 00000000 00:00 0 
7da5a0000000-7da5a0007000 r--s 00000000 08:02 9968528                    /usr/lib/x86_64-linux-gnu/gconv/gconv-modules.cache
7da5a0007000-7da5a000a000 r--p 00000000 08:02 1649117                    /home/lokesh/Documents/Android Studio/android-studio-2024.3.1.15-linux/android-studio/jbr/lib/libmanagement_ext.so
7da5a000a000-7da5a000d000 r-xp 00002000 08:02 1649117                    /home/lokesh/Documents/Android Studio/android-studio-2024.3.1.15-linux/android-studio/jbr/lib/libmanagement_ext.so
7da5a000d000-7da5a000e000 r--p 00004000 08:02 1649117                    /home/lokesh/Documents/Android Studio/android-studio-2024.3.1.15-linux/android-studio/jbr/lib/libmanagement_ext.so
7da5a000e000-7da5a000f000 rw-p 00004000 08:02 1649117                    /home/lokesh/Documents/Android Studio/android-studio-2024.3.1.15-linux/android-studio/jbr/lib/libmanagement_ext.so
7da5a000f000-7da5a0013000 r--p 00000000 08:02 1649114                    /home/lokesh/Documents/Android Studio/android-studio-2024.3.1.15-linux/android-studio/jbr/lib/libnet.so
7da5a0013000-7da5a001b000 r-xp 00003000 08:02 1649114                    /home/lokesh/Documents/Android Studio/android-studio-2024.3.1.15-linux/android-studio/jbr/lib/libnet.so
7da5a001b000-7da5a001c000 r--p 0000a000 08:02 1649114                    /home/lokesh/Documents/Android Studio/android-studio-2024.3.1.15-linux/android-studio/jbr/lib/libnet.so
7da5a001c000-7da5a001d000 rw-p 0000a000 08:02 1649114                    /home/lokesh/Documents/Android Studio/android-studio-2024.3.1.15-linux/android-studio/jbr/lib/libnet.so
7da5a001d000-7da5a00f9000 rw-p 00000000 00:00 0 
7da5a00f9000-7da5a00fa000 ---p 00000000 00:00 0 
7da5a00fa000-7da5a01fa000 rw-p 00000000 00:00 0 
7da5a01fa000-7da5a05fe000 rw-p 00000000 00:00 0 
7da5a05fe000-7da5a05ff000 ---p 00000000 00:00 0 
7da5a05ff000-7da5a06ff000 rw-p 00000000 00:00 0 
7da5a06ff000-7da5a0700000 ---p 00000000 00:00 0 
7da5a0700000-7da5a0800000 rw-p 00000000 00:00 0 
7da5a0800000-7da5a0936000 rw-p 00000000 00:00 0 
7da5a0936000-7da5a0be5000 ---p 00000000 00:00 0 
7da5a0be5000-7da5a0d36000 rw-p 00000000 00:00 0 
7da5a0d36000-7da5a0fe5000 ---p 00000000 00:00 0 
7da5a0fe5000-7da5a1000000 rw-p 00000000 00:00 0 
7da5a1000000-7da5a1002000 r--p 00000000 08:02 1649094                    /home/lokesh/Documents/Android Studio/android-studio-2024.3.1.15-linux/android-studio/jbr/lib/libextnet.so
7da5a1002000-7da5a1003000 r-xp 00001000 08:02 1649094                    /home/lokesh/Documents/Android Studio/android-studio-2024.3.1.15-linux/android-studio/jbr/lib/libextnet.so
7da5a1003000-7da5a1004000 r--p 00001000 08:02 1649094                    /home/lokesh/Documents/Android Studio/android-studio-2024.3.1.15-linux/android-studio/jbr/lib/libextnet.so
7da5a1004000-7da5a1005000 rw-p 00001000 08:02 1649094                    /home/lokesh/Documents/Android Studio/android-studio-2024.3.1.15-linux/android-studio/jbr/lib/libextnet.so
7da5a1005000-7da5a100e000 r--p 00000000 08:02 1649077                    /home/lokesh/Documents/Android Studio/android-studio-2024.3.1.15-linux/android-studio/jbr/lib/libzip.so
7da5a100e000-7da5a1023000 r-xp 00008000 08:02 1649077                    /home/lokesh/Documents/Android Studio/android-studio-2024.3.1.15-linux/android-studio/jbr/lib/libzip.so
7da5a1023000-7da5a1024000 r--p 0001c000 08:02 1649077                    /home/lokesh/Documents/Android Studio/android-studio-2024.3.1.15-linux/android-studio/jbr/lib/libzip.so
7da5a1024000-7da5a1025000 rw-p 0001c000 08:02 1649077                    /home/lokesh/Documents/Android Studio/android-studio-2024.3.1.15-linux/android-studio/jbr/lib/libzip.so
7da5a1025000-7da5a1026000 ---p 00000000 00:00 0 
7da5a1026000-7da5a1126000 rw-p 00000000 00:00 0 
7da5a1126000-7da5a1547000 rw-p 00000000 00:00 0 
7da5a1547000-7da5a1615000 ---p 00000000 00:00 0 
7da5a1615000-7da5a1660000 rw-p 00000000 00:00 0 
7da5a1660000-7da5a1700000 ---p 00000000 00:00 0 
7da5a1700000-7da5a1704000 ---p 00000000 00:00 0 
7da5a1704000-7da5a1800000 rw-p 00000000 00:00 0 
7da5a1800000-7da5a1d58000 r--p 00000000 08:02 1649067                    /home/lokesh/Documents/Android Studio/android-studio-2024.3.1.15-linux/android-studio/jbr/lib/server/libjvm.so
7da5a1d58000-7da5a28db000 r-xp 00557000 08:02 1649067                    /home/lokesh/Documents/Android Studio/android-studio-2024.3.1.15-linux/android-studio/jbr/lib/server/libjvm.so
7da5a28db000-7da5a29a8000 r--p 010d9000 08:02 1649067                    /home/lokesh/Documents/Android Studio/android-studio-2024.3.1.15-linux/android-studio/jbr/lib/server/libjvm.so
7da5a29a8000-7da5a29cb000 rw-p 011a5000 08:02 1649067                    /home/lokesh/Documents/Android Studio/android-studio-2024.3.1.15-linux/android-studio/jbr/lib/server/libjvm.so
7da5a29cb000-7da5a2a43000 rw-p 00000000 00:00 0 
7da5a2a44000-7da5a2a47000 r--p 00000000 08:02 1649073                    /home/lokesh/Documents/Android Studio/android-studio-2024.3.1.15-linux/android-studio/jbr/lib/libmanagement.so
7da5a2a47000-7da5a2a49000 r-xp 00002000 08:02 1649073                    /home/lokesh/Documents/Android Studio/android-studio-2024.3.1.15-linux/android-studio/jbr/lib/libmanagement.so
7da5a2a49000-7da5a2a4a000 r--p 00003000 08:02 1649073                    /home/lokesh/Documents/Android Studio/android-studio-2024.3.1.15-linux/android-studio/jbr/lib/libmanagement.so
7da5a2a4a000-7da5a2a4b000 rw-p 00003000 08:02 1649073                    /home/lokesh/Documents/Android Studio/android-studio-2024.3.1.15-linux/android-studio/jbr/lib/libmanagement.so
7da5a2a4b000-7da5a2a56000 r--p 00000000 08:02 1649115                    /home/lokesh/Documents/Android Studio/android-studio-2024.3.1.15-linux/android-studio/jbr/lib/libnio.so
7da5a2a56000-7da5a2a5f000 r-xp 0000a000 08:02 1649115                    /home/lokesh/Documents/Android Studio/android-studio-2024.3.1.15-linux/android-studio/jbr/lib/libnio.so
7da5a2a5f000-7da5a2a60000 r--p 00012000 08:02 1649115                    /home/lokesh/Documents/Android Studio/android-studio-2024.3.1.15-linux/android-studio/jbr/lib/libnio.so
7da5a2a60000-7da5a2a61000 rw-p 00012000 08:02 1649115                    /home/lokesh/Documents/Android Studio/android-studio-2024.3.1.15-linux/android-studio/jbr/lib/libnio.so
7da5a2a61000-7da5a2aee000 rw-p 00000000 00:00 0 
7da5a2aee000-7da5a2af3000 ---p 00000000 00:00 0 
7da5a2af3000-7da5a2b05000 r--p 00000000 08:02 1649110                    /home/lokesh/Documents/Android Studio/android-studio-2024.3.1.15-linux/android-studio/jbr/lib/libjava.so
7da5a2b05000-7da5a2b13000 r-xp 00011000 08:02 1649110                    /home/lokesh/Documents/Android Studio/android-studio-2024.3.1.15-linux/android-studio/jbr/lib/libjava.so
7da5a2b13000-7da5a2b15000 r--p 0001e000 08:02 1649110                    /home/lokesh/Documents/Android Studio/android-studio-2024.3.1.15-linux/android-studio/jbr/lib/libjava.so
7da5a2b15000-7da5a2b17000 rw-p 0001f000 08:02 1649110                    /home/lokesh/Documents/Android Studio/android-studio-2024.3.1.15-linux/android-studio/jbr/lib/libjava.so
7da5a2b17000-7da5a2b27000 r--p 00000000 08:02 9308339                    /usr/lib/x86_64-linux-gnu/libm.so.6
7da5a2b27000-7da5a2ba6000 r-xp 00010000 08:02 9308339                    /usr/lib/x86_64-linux-gnu/libm.so.6
7da5a2ba6000-7da5a2bfe000 r--p 0008f000 08:02 9308339                    /usr/lib/x86_64-linux-gnu/libm.so.6
7da5a2bfe000-7da5a2bff000 r--p 000e7000 08:02 9308339                    /usr/lib/x86_64-linux-gnu/libm.so.6
7da5a2bff000-7da5a2c00000 rw-p 000e8000 08:02 9308339                    /usr/lib/x86_64-linux-gnu/libm.so.6
7da5a2c00000-7da5a2c28000 r--p 00000000 08:02 9308315                    /usr/lib/x86_64-linux-gnu/libc.so.6
7da5a2c28000-7da5a2db0000 r-xp 00028000 08:02 9308315                    /usr/lib/x86_64-linux-gnu/libc.so.6
7da5a2db0000-7da5a2dff000 r--p 001b0000 08:02 9308315                    /usr/lib/x86_64-linux-gnu/libc.so.6
7da5a2dff000-7da5a2e03000 r--p 001fe000 08:02 9308315                    /usr/lib/x86_64-linux-gnu/libc.so.6
7da5a2e03000-7da5a2e05000 rw-p 00202000 08:02 9308315                    /usr/lib/x86_64-linux-gnu/libc.so.6
7da5a2e05000-7da5a2e12000 rw-p 00000000 00:00 0 
7da5a2e14000-7da5a2e1f000 r--p 00000000 08:02 1649075                    /home/lokesh/Documents/Android Studio/android-studio-2024.3.1.15-linux/android-studio/jbr/lib/libjimage.so
7da5a2e1f000-7da5a2e33000 r-xp 0000a000 08:02 1649075                    /home/lokesh/Documents/Android Studio/android-studio-2024.3.1.15-linux/android-studio/jbr/lib/libjimage.so
7da5a2e33000-7da5a2e35000 r--p 0001d000 08:02 1649075                    /home/lokesh/Documents/Android Studio/android-studio-2024.3.1.15-linux/android-studio/jbr/lib/libjimage.so
7da5a2e35000-7da5a2e36000 rw-p 0001e000 08:02 1649075                    /home/lokesh/Documents/Android Studio/android-studio-2024.3.1.15-linux/android-studio/jbr/lib/libjimage.so
7da5a2e36000-7da5a2e37000 rw-p 00000000 00:00 0 
7da5a2e37000-7da5a2e38000 r--p 00000000 08:02 9311596                    /usr/lib/x86_64-linux-gnu/librt.so.1
7da5a2e38000-7da5a2e39000 r-xp 00001000 08:02 9311596                    /usr/lib/x86_64-linux-gnu/librt.so.1
7da5a2e39000-7da5a2e3a000 r--p 00002000 08:02 9311596                    /usr/lib/x86_64-linux-gnu/librt.so.1
7da5a2e3a000-7da5a2e3b000 r--p 00002000 08:02 9311596                    /usr/lib/x86_64-linux-gnu/librt.so.1
7da5a2e3b000-7da5a2e3c000 rw-p 00003000 08:02 9311596                    /usr/lib/x86_64-linux-gnu/librt.so.1
7da5a2e3c000-7da5a2e3e000 rw-p 00000000 00:00 0 
7da5a2e3e000-7da5a2e3f000 r--p 00000000 08:02 9308333                    /usr/lib/x86_64-linux-gnu/libdl.so.2
7da5a2e3f000-7da5a2e40000 r-xp 00001000 08:02 9308333                    /usr/lib/x86_64-linux-gnu/libdl.so.2
7da5a2e40000-7da5a2e41000 r--p 00002000 08:02 9308333                    /usr/lib/x86_64-linux-gnu/libdl.so.2
7da5a2e41000-7da5a2e42000 r--p 00002000 08:02 9308333                    /usr/lib/x86_64-linux-gnu/libdl.so.2
7da5a2e42000-7da5a2e43000 rw-p 00003000 08:02 9308333                    /usr/lib/x86_64-linux-gnu/libdl.so.2
7da5a2e43000-7da5a2e44000 r--p 00000000 08:02 9311592                    /usr/lib/x86_64-linux-gnu/libpthread.so.0
7da5a2e44000-7da5a2e45000 r-xp 00001000 08:02 9311592                    /usr/lib/x86_64-linux-gnu/libpthread.so.0
7da5a2e45000-7da5a2e46000 r--p 00002000 08:02 9311592                    /usr/lib/x86_64-linux-gnu/libpthread.so.0
7da5a2e46000-7da5a2e47000 r--p 00002000 08:02 9311592                    /usr/lib/x86_64-linux-gnu/libpthread.so.0
7da5a2e47000-7da5a2e48000 rw-p 00003000 08:02 9311592                    /usr/lib/x86_64-linux-gnu/libpthread.so.0
7da5a2e48000-7da5a2e50000 rw-s 00000000 08:02 8389250                    /tmp/hsperfdata_lokesh/163951
7da5a2e50000-7da5a2e54000 r--p 00000000 08:02 1649092                    /home/lokesh/Documents/Android Studio/android-studio-2024.3.1.15-linux/android-studio/jbr/lib/libinstrument.so
7da5a2e54000-7da5a2e5b000 r-xp 00003000 08:02 1649092                    /home/lokesh/Documents/Android Studio/android-studio-2024.3.1.15-linux/android-studio/jbr/lib/libinstrument.so
7da5a2e5b000-7da5a2e5c000 r--p 00009000 08:02 1649092                    /home/lokesh/Documents/Android Studio/android-studio-2024.3.1.15-linux/android-studio/jbr/lib/libinstrument.so
7da5a2e5c000-7da5a2e5d000 rw-p 00009000 08:02 1649092                    /home/lokesh/Documents/Android Studio/android-studio-2024.3.1.15-linux/android-studio/jbr/lib/libinstrument.so
7da5a2e5d000-7da5a2e5e000 ---p 00000000 00:00 0 
7da5a2e5e000-7da5a2e5f000 r--p 00000000 00:00 0 
7da5a2e5f000-7da5a2e60000 ---p 00000000 00:00 0 
7da5a2e60000-7da5a2e69000 r--p 00000000 08:02 1649118                    /home/lokesh/Documents/Android Studio/android-studio-2024.3.1.15-linux/android-studio/jbr/lib/libjli.so
7da5a2e69000-7da5a2e78000 r-xp 00008000 08:02 1649118                    /home/lokesh/Documents/Android Studio/android-studio-2024.3.1.15-linux/android-studio/jbr/lib/libjli.so
7da5a2e78000-7da5a2e79000 r--p 00016000 08:02 1649118                    /home/lokesh/Documents/Android Studio/android-studio-2024.3.1.15-linux/android-studio/jbr/lib/libjli.so
7da5a2e79000-7da5a2e7a000 rw-p 00016000 08:02 1649118                    /home/lokesh/Documents/Android Studio/android-studio-2024.3.1.15-linux/android-studio/jbr/lib/libjli.so
7da5a2e7a000-7da5a2e7c000 rw-p 00000000 00:00 0 
7da5a2e7c000-7da5a2e7d000 r--p 00000000 08:02 9306284                    /usr/lib/x86_64-linux-gnu/ld-linux-x86-64.so.2
7da5a2e7d000-7da5a2ea8000 r-xp 00001000 08:02 9306284                    /usr/lib/x86_64-linux-gnu/ld-linux-x86-64.so.2
7da5a2ea8000-7da5a2eb2000 r--p 0002c000 08:02 9306284                    /usr/lib/x86_64-linux-gnu/ld-linux-x86-64.so.2
7da5a2eb2000-7da5a2eb4000 r--p 00036000 08:02 9306284                    /usr/lib/x86_64-linux-gnu/ld-linux-x86-64.so.2
7da5a2eb4000-7da5a2eb6000 rw-p 00038000 08:02 9306284                    /usr/lib/x86_64-linux-gnu/ld-linux-x86-64.so.2
7ffe0e1f9000-7ffe0e21a000 rw-p 00000000 00:00 0                          [stack]
7ffe0e3a3000-7ffe0e3a7000 r--p 00000000 00:00 0                          [vvar]
7ffe0e3a7000-7ffe0e3a9000 r-xp 00000000 00:00 0                          [vdso]
ffffffffff600000-ffffffffff601000 --xp 00000000 00:00 0                  [vsyscall]
Total number of mappings: 444


VM Arguments:
jvm_args: --add-opens=java.base/java.lang=ALL-UNNAMED --add-opens=java.base/java.lang.invoke=ALL-UNNAMED --add-opens=java.base/java.util=ALL-UNNAMED --add-opens=java.prefs/java.util.prefs=ALL-UNNAMED --add-exports=jdk.compiler/com.sun.tools.javac.api=ALL-UNNAMED --add-exports=jdk.compiler/com.sun.tools.javac.util=ALL-UNNAMED --add-opens=java.base/java.util=ALL-UNNAMED --add-opens=java.prefs/java.util.prefs=ALL-UNNAMED --add-opens=java.base/java.nio.charset=ALL-UNNAMED --add-opens=java.base/java.net=ALL-UNNAMED --add-opens=java.base/java.util.concurrent.atomic=ALL-UNNAMED --add-opens=java.xml/javax.xml.namespace=ALL-UNNAMED -Xmx2048m -Dfile.encoding=UTF-8 -Duser.country=IN -Duser.language=en -Duser.variant -javaagent:/home/lokesh/Downloads/lokesh/GCEPlusELearninaagok/wrapper/dists/gradle-8.11.1-bin/bpt9gzteqjrbo1mjrsomdt32c/gradle-8.11.1/lib/agents/gradle-instrumentation-agent-8.11.1.jar -Dawt.toolkit.name=XToolkit 
java_command: org.gradle.launcher.daemon.bootstrap.GradleDaemon 8.11.1
java_class_path (initial): /home/lokesh/Downloads/lokesh/GCEPlusELearninaagok/wrapper/dists/gradle-8.11.1-bin/bpt9gzteqjrbo1mjrsomdt32c/gradle-8.11.1/lib/gradle-daemon-main-8.11.1.jar
Launcher Type: SUN_STANDARD

[Global flags]
     intx CICompilerCount                          = 3                                         {product} {ergonomic}
     uint ConcGCThreads                            = 1                                         {product} {ergonomic}
     uint G1ConcRefinementThreads                  = 4                                         {product} {ergonomic}
   size_t G1HeapRegionSize                         = 1048576                                   {product} {ergonomic}
    uintx GCDrainStackTargetSize                   = 64                                        {product} {ergonomic}
   size_t InitialHeapSize                          = 195035136                                 {product} {ergonomic}
   size_t MarkStackSize                            = 4194304                                   {product} {ergonomic}
   size_t MaxHeapSize                              = 2147483648                                {product} {command line}
   size_t MaxNewSize                               = 1287651328                                {product} {ergonomic}
   size_t MinHeapDeltaBytes                        = 1048576                                   {product} {ergonomic}
   size_t MinHeapSize                              = 8388608                                   {product} {ergonomic}
    uintx NonNMethodCodeHeapSize                   = 5832780                                {pd product} {ergonomic}
    uintx NonProfiledCodeHeapSize                  = 122912730                              {pd product} {ergonomic}
    uintx ProfiledCodeHeapSize                     = 122912730                              {pd product} {ergonomic}
    uintx ReservedCodeCacheSize                    = 251658240                              {pd product} {ergonomic}
     bool SegmentedCodeCache                       = true                                      {product} {ergonomic}
   size_t SoftMaxHeapSize                          = 2147483648                             {manageable} {ergonomic}
     bool UseCompressedOops                        = true                           {product lp64_product} {ergonomic}
     bool UseG1GC                                  = true                                      {product} {ergonomic}

Logging:
Log output configuration:
 #0: stdout all=warning uptime,level,tags foldmultilines=false
 #1: stderr all=off uptime,level,tags foldmultilines=false

Environment Variables:
PATH=/usr/local/sbin:/usr/local/bin:/usr/sbin:/usr/bin:/sbin:/bin:/usr/games:/usr/local/games:/snap/bin:/snap/bin
USERNAME=lokesh
SHELL=/bin/bash
DISPLAY=:1
LANG=en_IN.UTF-8
LC_NUMERIC=en_IN.UTF-8
LC_TIME=en_IN.UTF-8

Active Locale:
LC_ALL=en_IN.UTF-8
LC_COLLATE=en_IN.UTF-8
LC_CTYPE=en_IN.UTF-8
LC_MESSAGES=en_IN.UTF-8
LC_MONETARY=en_IN.UTF-8
LC_NUMERIC=en_IN.UTF-8
LC_TIME=en_IN.UTF-8

Signal Handlers:
   SIGSEGV: crash_handler in libjvm.so, mask=11100100010111111101111111111110, flags=SA_RESTART|SA_SIGINFO, unblocked
    SIGBUS: crash_handler in libjvm.so, mask=11100100010111111101111111111110, flags=SA_RESTART|SA_SIGINFO, unblocked
    SIGFPE: crash_handler in libjvm.so, mask=11100100010111111101111111111110, flags=SA_RESTART|SA_SIGINFO, unblocked
   SIGPIPE: javaSignalHandler in libjvm.so, mask=11100100010111111101111111111110, flags=SA_RESTART|SA_SIGINFO, blocked
   SIGXFSZ: javaSignalHandler in libjvm.so, mask=11100100010111111101111111111110, flags=SA_RESTART|SA_SIGINFO, blocked
    SIGILL: crash_handler in libjvm.so, mask=11100100010111111101111111111110, flags=SA_RESTART|SA_SIGINFO, unblocked
   SIGUSR2: SR_handler in libjvm.so, mask=00000000000000000000000000000000, flags=SA_RESTART|SA_SIGINFO, blocked
    SIGHUP: UserHandler in libjvm.so, mask=11100100010111111101111111111110, flags=SA_RESTART|SA_SIGINFO, blocked
    SIGINT: UserHandler in libjvm.so, mask=11100100010111111101111111111110, flags=SA_RESTART|SA_SIGINFO, blocked
   SIGTERM: UserHandler in libjvm.so, mask=11100100010111111101111111111110, flags=SA_RESTART|SA_SIGINFO, blocked
   SIGQUIT: UserHandler in libjvm.so, mask=11100100010111111101111111111110, flags=SA_RESTART|SA_SIGINFO, blocked
   SIGTRAP: crash_handler in libjvm.so, mask=11100100010111111101111111111110, flags=SA_RESTART|SA_SIGINFO, unblocked


Periodic native trim disabled

JNI global refs:
JNI global refs: 27, weak refs: 28

JNI global refs memory usage: 859, weak refs: 857

Process memory usage:
Resident Set Size: 1348752K (11% of 12151864K total physical memory with 3630288K free physical memory)

OOME stack traces (most recent first):
Classloader memory used:
Loader org.gradle.internal.classloader.VisitableURLClassLoader$InstrumentingVisitableURLClassLoader: 75559K
Loader org.gradle.internal.classloader.VisitableURLClassLoader                         : 48406K
Loader bootstrap                                                                       : 37045K
Loader org.gradle.initialization.MixInLegacyTypesClassLoader                           : 18201K
Loader jdk.internal.loader.ClassLoaders$AppClassLoader                                 : 8965K
Loader org.gradle.internal.classloader.VisitableURLClassLoader                         : 8792K
Loader jdk.internal.reflect.DelegatingClassLoader                                      : 1155K
Loader jdk.internal.loader.ClassLoaders$PlatformClassLoader                            : 1051K
Loader jdk.internal.jrtfs.JrtFileSystemProvider$JrtFsLoader                            : 582K
Loader org.gradle.groovy.scripts.internal.DefaultScriptCompilationHandler$ScriptClassLoader: 140K
Loader org.codehaus.groovy.runtime.callsite.CallSiteClassLoader                        : 60232B
Loader sun.reflect.misc.MethodUtil                                                     : 3000B

Classes loaded by more than one classloader:
Class Program                                                                         : loaded 5 times (x 69B)
Class com.amazon.ion.impl.bin.IonManagedBinaryWriter$UserState$1                      : loaded 3 times (x 82B)
Class org.jetbrains.plugins.gradle.tooling.serialization.internal.IdeaProjectSerializationService$ReadContext: loaded 3 times (x 69B)
Class com.google.common.collect.RegularImmutableMap$KeySet                            : loaded 3 times (x 149B)
Class com.amazon.ion.impl.bin.IonManagedBinaryWriter$UserState$2                      : loaded 3 times (x 82B)
Class com.amazon.ion.impl._Private_IonValue                                           : loaded 3 times (x 67B)
Class com.intellij.gradle.toolingExtension.impl.model.sourceSetModel.GradleSourceSetSerialisationService$Companion: loaded 3 times (x 68B)
Class jdk.internal.jimage.BasicImageReader                                            : loaded 3 times (x 92B)
Class com.google.common.base.CharMatcher$IsEither                                     : loaded 3 times (x 108B)
Class com.amazon.ion.impl.bin.IonManagedBinaryWriter$UserState$3                      : loaded 3 times (x 82B)
Class com.amazon.ion.IonException                                                     : loaded 3 times (x 81B)
Class org.jetbrains.plugins.gradle.tooling.util.IntObjectMap$ObjectFactory            : loaded 3 times (x 67B)
Class com.google.common.collect.ImmutableList$1                                       : loaded 3 times (x 94B)
Class org.jetbrains.plugins.gradle.model.UnresolvedExternalDependency                 : loaded 3 times (x 67B)
Class com.amazon.ion.impl.bin.IonManagedBinaryWriter$UserState$4                      : loaded 3 times (x 82B)
Class com.amazon.ion.system.IonBinaryWriterBuilder                                    : loaded 3 times (x 96B)
Class org.jetbrains.plugins.gradle.model.GradleExtensions                             : loaded 3 times (x 67B)
Class org.jetbrains.plugins.gradle.model.AnnotationProcessingModel                    : loaded 3 times (x 67B)
Class com.google.common.collect.RegularImmutableMap                                   : loaded 3 times (x 118B)
Class com.google.common.collect.ImmutableMap$MapViewOfValuesAsSingletonSets           : loaded 3 times (x 123B)
Class com.intellij.util.ThrowableConsumer                                             : loaded 3 times (x 67B)
Class com.google.common.collect.UnmodifiableListIterator                              : loaded 3 times (x 92B)
Class org.jetbrains.kotlin.idea.gradleTooling.AndroidAwareGradleModelProvider$Companion: loaded 3 times (x 68B)
Class [Lcom.amazon.ion.impl.bin.IonRawBinaryWriter$StreamCloseMode;                   : loaded 3 times (x 66B)
Class com.amazon.ion.impl.lite.IonSymbolLite                                          : loaded 3 times (x 243B)
Class com.amazon.ion.impl.bin.IonManagedBinaryWriter$ImportedSymbolResolverMode$1     : loaded 3 times (x 77B)
Class com.intellij.util.containers.IntObjectHashMap$ArrayProducer                     : loaded 3 times (x 67B)
Class org.jetbrains.kotlin.idea.gradleTooling.model.noarg.NoArgModel                  : loaded 3 times (x 67B)
Class com.amazon.ion.impl.bin.IonManagedBinaryWriter$ImportedSymbolResolverMode$2     : loaded 3 times (x 77B)
Class org.jetbrains.plugins.gradle.tooling.serialization.internal.IdeaProjectSerializationService: loaded 3 times (x 74B)
Class [Lcom.google.common.collect.ImmutableMapEntry;                                  : loaded 3 times (x 66B)
Class com.amazon.ion.impl.lite.IonSystemLite                                          : loaded 3 times (x 272B)
Class com.amazon.ion.impl.bin.IonRawBinaryWriter$PreallocationMode                    : loaded 3 times (x 79B)
Class com.amazon.ion.impl.bin._Private_IonRawWriter                                   : loaded 3 times (x 67B)
Class com.amazon.ion.IonWriter                                                        : loaded 3 times (x 67B)
Class com.google.common.collect.ImmutableRangeSet                                     : loaded 3 times (x 112B)
Class com.amazon.ion.impl._Private_RecyclingQueue$ElementFactory                      : loaded 3 times (x 67B)
Class com.amazon.ion.impl._Private_IonContainer                                       : loaded 3 times (x 67B)
Class com.intellij.gradle.toolingExtension.impl.model.buildScriptClasspathModel.GradleBuildScriptClasspathSerializationService$ReadContext: loaded 3 times (x 69B)
Class org.gradle.internal.impldep.gnu.trove.TObjectIntHashMap                         : loaded 3 times (x 106B)
Class org.jetbrains.kotlin.idea.gradleTooling.model.allopen.AllOpenModel              : loaded 3 times (x 67B)
Class com.amazon.ion.impl._Private_RecyclingStack$$Iterator                           : loaded 3 times (x 96B)
Class com.amazon.ion.impl.SharedSymbolTable                                           : loaded 3 times (x 90B)
Class com.amazon.ion.impl.bin.IonRawBinaryWriter                                      : loaded 3 times (x 166B)
Class com.amazon.ion.SymbolToken                                                      : loaded 3 times (x 67B)
Class com.amazon.ion.impl.lite.IonBoolLite                                            : loaded 3 times (x 175B)
Class org.gradle.internal.impldep.gnu.trove.TObjectHash$NULL                          : loaded 3 times (x 68B)
Class jdk.internal.jrtfs.SystemImage                                                  : loaded 3 times (x 71B)
Class org.gradle.internal.impldep.gnu.trove.PrimeFinder                               : loaded 3 times (x 68B)
Class org.jetbrains.kotlin.idea.gradleTooling.model.kapt.KaptGradleModel              : loaded 3 times (x 67B)
Class org.jetbrains.kotlin.idea.gradleTooling.KotlinDslScriptAdditionalTask           : loaded 3 times (x 67B)
Class org.jetbrains.plugins.gradle.model.ClasspathEntryModel                          : loaded 3 times (x 67B)
Class com.android.ide.gradle.model.AdditionalClassifierArtifactsModelParameter        : loaded 3 times (x 67B)
Class com.amazon.ion.IonTimestamp                                                     : loaded 3 times (x 67B)
Class com.amazon.ion.impl.bin.PooledBlockAllocatorProvider$PooledBlockAllocator       : loaded 3 times (x 78B)
Class org.jetbrains.plugins.gradle.tooling.serialization.GradleExtensionsSerializationService: loaded 3 times (x 74B)
Class com.amazon.ion.IonDatagram                                                      : loaded 3 times (x 67B)
Class com.amazon.ion.impl._Private_RecyclingStack$ElementFactory                      : loaded 3 times (x 67B)
Class com.amazon.ion.impl.bin.IonManagedBinaryWriter$ImportedSymbolResolverMode$1$1   : loaded 3 times (x 75B)
Class com.amazon.ion.impl._Private_ByteTransferSink                                   : loaded 3 times (x 67B)
Class com.intellij.openapi.externalSystem.model.project.dependencies.ResolutionState  : loaded 3 times (x 76B)
Class org.jetbrains.plugins.gradle.model.ExternalLibraryDependency                    : loaded 3 times (x 67B)
Class com.amazon.ion.IonValue                                                         : loaded 3 times (x 67B)
Class jdk.internal.jrtfs.SystemImage$1                                                : loaded 3 times (x 75B)
Class com.google.common.collect.ImmutableCollection$Builder                           : loaded 3 times (x 73B)
Class com.google.common.collect.Iterators$ArrayItr                                    : loaded 3 times (x 94B)
Class com.google.common.collect.ImmutableRangeSet$AsSet                               : loaded 3 times (x 297B)
Class com.amazon.ion.impl.bin.IonRawBinaryWriter$ContainerType                        : loaded 3 times (x 76B)
Class com.amazon.ion.impl._Private_IonTextWriterBuilder$Mutable                       : loaded 3 times (x 99B)
Class jdk.internal.jrtfs.SystemImage$2                                                : loaded 3 times (x 73B)
Class com.google.common.collect.BaseImmutableMultimap                                 : loaded 3 times (x 120B)
Class com.google.common.base.Joiner                                                   : loaded 3 times (x 76B)
Class org.jetbrains.kotlin.idea.gradleTooling.KotlinSourceSetContainer                : loaded 3 times (x 67B)
Class org.jetbrains.plugins.gradle.model.IntelliJSettings                             : loaded 3 times (x 67B)
Class com.google.common.collect.Platform                                              : loaded 3 times (x 68B)
Class com.google.common.collect.UnmodifiableIterator                                  : loaded 3 times (x 77B)
Class com.android.ide.gradle.model.GradlePropertiesModel                              : loaded 3 times (x 67B)
Class com.amazon.ion.impl.IonWriterSystem                                             : loaded 3 times (x 168B)
Class com.amazon.ion.impl.bin.Symbols$2                                               : loaded 3 times (x 104B)
Class com.amazon.ion.impl.bin._Private_IonManagedWriter                               : loaded 3 times (x 67B)
Class org.jetbrains.kotlin.android.synthetic.idea.AndroidExtensionsGradleModel        : loaded 3 times (x 67B)
Class com.intellij.gradle.toolingExtension.util.GradleVersionUtil                     : loaded 3 times (x 68B)
Class jdk.internal.jrtfs.JrtFileSystemProvider                                        : loaded 3 times (x 98B)
Class com.google.common.collect.AbstractMapEntry                                      : loaded 3 times (x 78B)
Class com.amazon.ion.impl.lite.IonContainerLite                                       : loaded 3 times (x 245B)
Class com.amazon.ion.IonBufferConfiguration$OversizedSymbolTableHandler               : loaded 3 times (x 67B)
Class com.amazon.ion.system.IonWriterBuilder                                          : loaded 3 times (x 71B)
Class org.jetbrains.plugins.gradle.tooling.serialization.ToolingStreamApiUtils        : loaded 3 times (x 68B)
Class com.amazon.ion.facet.Faceted                                                    : loaded 3 times (x 67B)
Class com.google.common.collect.AbstractMultimap                                      : loaded 3 times (x 120B)
Class com.google.common.collect.ImmutableList$Builder                                 : loaded 3 times (x 74B)
Class com.amazon.ion.impl.bin.utf8.Poolable                                           : loaded 3 times (x 76B)
Class com.amazon.ion.IonSymbol                                                        : loaded 3 times (x 67B)
Class org.jetbrains.plugins.gradle.tooling.serialization.AnnotationProcessingModelSerializationService$WriteContext: loaded 3 times (x 69B)
Class org.gradle.internal.impldep.gnu.trove.THash                                     : loaded 3 times (x 78B)
Class com.google.common.collect.RegularImmutableAsList                                : loaded 3 times (x 214B)
Class com.google.common.collect.ImmutableRangeSet$1                                   : loaded 3 times (x 207B)
Class com.amazon.ion.impl.lite.IonStructLite                                          : loaded 3 times (x 295B)
Class com.amazon.ion.impl._Private_ReaderWriter                                       : loaded 3 times (x 67B)
Class com.amazon.ion.impl.bin.AbstractSymbolTable                                     : loaded 3 times (x 104B)
Class com.amazon.ion.Decimal                                                          : loaded 3 times (x 130B)
Class com.amazon.ion.impl.bin._Private_IonManagedBinaryWriterBuilder$AllocatorMode$1  : loaded 3 times (x 77B)
Class org.jetbrains.plugins.gradle.tooling.serialization.ProjectDependenciesSerializationService$WriteContext: loaded 3 times (x 69B)
Class org.jetbrains.plugins.gradle.tooling.serialization.ProjectDependenciesSerializationService: loaded 3 times (x 74B)
Class com.google.common.collect.Iterators                                             : loaded 3 times (x 68B)
Class com.google.common.collect.Range                                                 : loaded 3 times (x 84B)
Class com.amazon.ion.impl.lite.IonFloatLite                                           : loaded 3 times (x 183B)
Class com.amazon.ion.impl._Private_IonTextWriterBuilder                               : loaded 3 times (x 99B)
Class com.amazon.ion.impl.bin._Private_IonManagedBinaryWriterBuilder$AllocatorMode$2  : loaded 3 times (x 77B)
Class org.gradle.internal.impldep.gnu.trove.Equality                                  : loaded 3 times (x 67B)
Class jdk.internal.jrtfs.JrtDirectoryStream$1                                         : loaded 3 times (x 80B)
Class jdk.internal.jimage.ImageLocation                                               : loaded 3 times (x 87B)
Class com.google.common.collect.Lists$StringAsImmutableList                           : loaded 3 times (x 204B)
Class org.jetbrains.plugins.gradle.ExternalDependencyId                               : loaded 3 times (x 67B)
Class com.amazon.ion.impl._Private_RecyclingStack                                     : loaded 3 times (x 76B)
Class com.amazon.ion.impl._Private_IonReaderBuilder                                   : loaded 3 times (x 92B)
Class com.amazon.ion.IonMutableCatalog                                                : loaded 3 times (x 67B)
Class com.intellij.gradle.toolingExtension.impl.model.buildScriptClasspathModel.GradleBuildScriptClasspathSerializationService$WriteContext: loaded 3 times (x 69B)
Class org.gradle.internal.impldep.gnu.trove.TObjectCanonicalHashingStrategy           : loaded 3 times (x 77B)
Class jdk.internal.jimage.ImageBufferCache$1                                          : loaded 3 times (x 80B)
Class com.google.common.base.CharMatcher$And                                          : loaded 3 times (x 109B)
Class com.amazon.ion.impl.bin.PooledBlockAllocatorProvider$PooledBlockAllocator$1     : loaded 3 times (x 76B)
Class com.amazon.ion.impl.lite.IonStringLite                                          : loaded 3 times (x 209B)
Class jdk.internal.jimage.ImageBufferCache$2                                          : loaded 3 times (x 88B)
Class com.google.common.collect.IndexedImmutableSet                                   : loaded 3 times (x 149B)
Class com.google.common.collect.BiMap                                                 : loaded 3 times (x 67B)
Class com.google.common.collect.ImmutableMap$1                                        : loaded 3 times (x 78B)
Class com.amazon.ion.impl.bin.Block                                                   : loaded 3 times (x 76B)
Class org.jetbrains.kotlin.idea.gradleTooling.model.lombok.LombokModel                : loaded 3 times (x 67B)
Class com.google.common.collect.AbstractIterator                                      : loaded 3 times (x 79B)
Class org.jetbrains.plugins.gradle.model.ExternalTask                                 : loaded 3 times (x 67B)
Class com.amazon.ion.impl.bin.utf8.Utf8StringEncoderPool$1                            : loaded 3 times (x 73B)
Class com.amazon.ion.impl.lite.IonLoaderLite                                          : loaded 3 times (x 79B)
Class com.amazon.ion.impl.lite.IonContext                                             : loaded 3 times (x 67B)
Class com.amazon.ion.impl.IonWriterSystemText                                         : loaded 3 times (x 187B)
Class [Lcom.amazon.ion.impl.bin.IonManagedBinaryWriter$ImportedSymbolResolverMode;    : loaded 3 times (x 66B)
Class com.amazon.ion.ValueFactory                                                     : loaded 3 times (x 67B)
Class com.google.common.collect.ObjectArrays                                          : loaded 3 times (x 68B)
Class com.google.common.collect.AbstractIndexedListIterator                           : loaded 3 times (x 93B)
Class com.amazon.ion.impl._Private_IonReaderBuilder$TwoElementSequenceInputStream     : loaded 3 times (x 89B)
Class com.amazon.ion.impl.bin.IonManagedBinaryWriter$SymbolResolver                   : loaded 3 times (x 67B)
Class com.amazon.ion.impl._Private_SymbolToken                                        : loaded 3 times (x 67B)
Class com.amazon.ion.impl.bin._Private_IonManagedBinaryWriterBuilder$AllocatorMode    : loaded 3 times (x 77B)
Class org.jetbrains.plugins.gradle.tooling.util.ObjectCollector                       : loaded 3 times (x 69B)
Class org.jetbrains.plugins.gradle.model.GradleTaskModel                              : loaded 3 times (x 67B)
Class com.google.common.collect.ImmutableMapEntrySet                                  : loaded 3 times (x 149B)
Class com.amazon.ion.impl._Private_IonReaderBuilder$Mutable                           : loaded 3 times (x 92B)
Class com.intellij.openapi.externalSystem.model.project.IExternalSystemSourceType     : loaded 3 times (x 67B)
Class org.jetbrains.plugins.gradle.tooling.serialization.ProjectDependenciesSerializationService$ReadContext: loaded 3 times (x 69B)
Class org.gradle.internal.impldep.gnu.trove.TObjectIdentityHashingStrategy            : loaded 3 times (x 75B)
Class com.intellij.openapi.externalSystem.model.project.dependencies.ProjectDependencies: loaded 3 times (x 67B)
Class jdk.internal.jimage.ImageHeader                                                 : loaded 3 times (x 68B)
Class com.google.common.collect.ImmutableMap$Builder                                  : loaded 3 times (x 79B)
Class com.android.ide.gradle.model.artifacts.AdditionalClassifierArtifactsModel       : loaded 3 times (x 67B)
Class com.amazon.ion.IonBufferConfiguration                                           : loaded 3 times (x 70B)
Class com.amazon.ion.impl.bin.Symbols                                                 : loaded 3 times (x 68B)
Class org.jetbrains.plugins.gradle.tooling.serialization.RepositoriesModelSerializationService: loaded 3 times (x 79B)
Class [Lcom.amazon.ion.impl.bin.AbstractIonWriter$WriteValueOptimization;             : loaded 3 times (x 66B)
Class org.jetbrains.plugins.gradle.tooling.serialization.RepositoriesModelSerializationService$ReadContext: loaded 3 times (x 69B)
Class com.google.common.collect.Multimap                                              : loaded 3 times (x 67B)
Class com.amazon.ion.impl.bin.IonManagedBinaryWriter$UserState                        : loaded 3 times (x 82B)
Class com.amazon.ion.impl._Private_IonWriter                                          : loaded 3 times (x 67B)
Class org.jetbrains.plugins.gradle.tooling.serialization.internal.adapter.InternalBuildIdentifier: loaded 3 times (x 72B)
Class com.amazon.ion.impl.bin._Private_IonManagedBinaryWriterBuilder                  : loaded 3 times (x 69B)
Class com.intellij.gradle.toolingExtension.impl.model.projectModel.GradleExternalProjectSerializationService$WriteContext: loaded 3 times (x 70B)
Class com.google.common.collect.NullnessCasts                                         : loaded 3 times (x 68B)
Class [Lcom.amazon.ion.SymbolToken;                                                   : loaded 3 times (x 66B)
Class com.google.common.collect.SingletonImmutableList                                : loaded 3 times (x 204B)
Class org.gradle.api.UncheckedIOException                                             : loaded 3 times (x 79B)
Class org.jetbrains.plugins.gradle.model.ExternalProjectDependency                    : loaded 3 times (x 67B)
Class org.jetbrains.plugins.gradle.tooling.serialization.KotlinDslScriptsModelSerializationService: loaded 3 times (x 78B)
Class com.google.common.collect.ImmutableList$ReverseImmutableList                    : loaded 3 times (x 206B)
Class com.amazon.ion.system.IonSystemBuilder$Mutable                                  : loaded 3 times (x 72B)
Class com.amazon.ion.impl.bin.IonManagedBinaryWriter$SymbolResolverBuilder            : loaded 3 times (x 67B)
Class org.jetbrains.plugins.gradle.tooling.serialization.ExternalTestsSerializationService$WriteContext: loaded 3 times (x 69B)
Class org.jetbrains.kotlin.idea.gradleTooling.KotlinGradleModel                       : loaded 3 times (x 67B)
Class com.android.ide.gradle.model.ArtifactIdentifier                                 : loaded 3 times (x 67B)
Class com.amazon.ion.impl._Private_RecyclingStack$Recycler                            : loaded 3 times (x 67B)
Class com.amazon.ion.impl.bin.IonManagedBinaryWriter$LocalSymbolTableView             : loaded 3 times (x 104B)
Class com.amazon.ion.impl.bin.IonRawBinaryWriter$ThrowingRunnable                     : loaded 3 times (x 67B)
Class ijInit1_11vqlwagrmqhcgwnw0hsow9sa                                               : loaded 3 times (x 176B)
Class jdk.internal.jimage.ImageStringsReader                                          : loaded 3 times (x 77B)
Class com.google.common.collect.Iterators$1                                           : loaded 3 times (x 78B)
Class com.android.ide.gradle.model.composites.BuildMap                                : loaded 3 times (x 67B)
Class com.amazon.ion.UnknownSymbolException                                           : loaded 3 times (x 83B)
Class com.google.common.collect.ImmutableMap$IteratorBasedImmutableMap                : loaded 3 times (x 123B)
Class com.google.common.collect.SingletonImmutableSet                                 : loaded 3 times (x 143B)
Class org.jetbrains.kotlin.idea.gradleTooling.model.annotation.AnnotationBasedPluginModel: loaded 3 times (x 67B)
Class org.jetbrains.plugins.gradle.model.IntelliJProjectSettings                      : loaded 3 times (x 67B)
Class jdk.internal.jimage.ImageReader                                                 : loaded 3 times (x 72B)
Class org.jetbrains.plugins.gradle.model.ExternalDependency                           : loaded 3 times (x 67B)
Class com.intellij.util.containers.IntObjectHashMap                                   : loaded 3 times (x 69B)
Class jdk.internal.jimage.ImageReader$SharedImageReader                               : loaded 3 times (x 92B)
Class com.google.common.collect.ImmutableBiMap                                        : loaded 3 times (x 140B)
Class com.google.common.collect.Iterators$4                                           : loaded 3 times (x 79B)
Class com.google.common.collect.SortedIterable                                        : loaded 3 times (x 67B)
Class com.amazon.ion.impl.bin.IonManagedBinaryWriter$SymbolState$1                    : loaded 3 times (x 77B)
Class com.amazon.ion.impl.LocalSymbolTableAsStruct$Factory                            : loaded 3 times (x 76B)
Class [Lcom.amazon.ion.IonType;                                                       : loaded 3 times (x 66B)
Class com.intellij.gradle.toolingExtension.impl.model.sourceSetDependencyModel.GradleSourceSetDependencySerialisationService$SourceSetDependencyModelReadContext: loaded 3 times (x 69B)
Class com.intellij.gradle.toolingExtension.impl.model.dependencyModel.DependencyReadContext: loaded 3 times (x 69B)
Class org.jetbrains.plugins.gradle.model.VersionCatalogsModel                         : loaded 3 times (x 67B)
Class com.google.common.collect.Iterators$5                                           : loaded 3 times (x 79B)
Class org.jetbrains.plugins.gradle.model.ProjectImportModelProvider                   : loaded 3 times (x 67B)
Class org.jetbrains.plugins.gradle.model.ExternalSourceSet                            : loaded 3 times (x 67B)
Class com.amazon.ion.impl.bin.IonManagedBinaryWriter$SymbolState$2                    : loaded 3 times (x 77B)
Class com.amazon.ion.IonNull                                                          : loaded 3 times (x 67B)
Class com.intellij.gradle.toolingExtension.impl.model.warmUp.GradleTaskWarmUpRequest  : loaded 3 times (x 67B)
Class com.google.common.base.CharMatcher$ForPredicate                                 : loaded 3 times (x 109B)
Class com.amazon.ion.impl.bin.IonRawBinaryWriter$ContainerInfo                        : loaded 3 times (x 71B)
Class com.amazon.ion.impl.bin.IonManagedBinaryWriter$SymbolState$3                    : loaded 3 times (x 77B)
Class com.amazon.ion.impl.bin.IonRawBinaryWriter$StreamFlushMode                      : loaded 3 times (x 76B)
Class com.amazon.ion.IonBinaryWriter                                                  : loaded 3 times (x 67B)
Class com.intellij.gradle.toolingExtension.impl.model.sourceSetArtifactIndex.GradleSourceSetArtifactBuildRequest: loaded 3 times (x 67B)
Class jdk.internal.jimage.ImageReader$Node                                            : loaded 3 times (x 81B)
Class com.google.common.base.CharMatcher$AnyOf                                        : loaded 3 times (x 109B)
Class com.google.common.collect.ImmutableCollection                                   : loaded 3 times (x 122B)
Class com.amazon.ion.impl.bin.IonManagedBinaryWriter$SymbolState$4                    : loaded 3 times (x 77B)
Class org.jetbrains.plugins.gradle.tooling.serialization.internal.IdeaProjectSerializationService$WriteContext$1: loaded 3 times (x 80B)
Class org.jetbrains.plugins.gradle.model.ExternalProject                              : loaded 3 times (x 67B)
Class jdk.internal.jimage.BasicImageReader$1                                          : loaded 3 times (x 74B)
Class com.google.common.collect.Lists                                                 : loaded 3 times (x 68B)
Class com.google.common.collect.ImmutableSet$CachingAsList                            : loaded 3 times (x 145B)
Class com.amazon.ion.impl.bin.utf8.Pool                                               : loaded 3 times (x 71B)
Class com.amazon.ion.impl._Private_SymtabExtendsCache                                 : loaded 3 times (x 69B)
Class org.jetbrains.plugins.gradle.tooling.serialization.internal.IdeaProjectSerializationService$WriteContext$2: loaded 3 times (x 80B)
Class com.google.common.collect.Iterators$9                                           : loaded 3 times (x 78B)
Class com.google.common.collect.ImmutableAsList                                       : loaded 3 times (x 206B)
Class com.amazon.ion.impl._Private_IonSymbol                                          : loaded 3 times (x 67B)
Class com.amazon.ion.impl.lite.IonValueLite                                           : loaded 3 times (x 144B)
Class com.amazon.ion.IonContainer                                                     : loaded 3 times (x 67B)
Class com.amazon.ion.impl.bin.PooledBlockAllocatorProvider                            : loaded 3 times (x 70B)
Class org.jetbrains.plugins.gradle.tooling.serialization.AnnotationProcessingModelSerializationService$ReadContext: loaded 3 times (x 69B)
Class org.jetbrains.plugins.gradle.tooling.serialization.internal.IdeaProjectSerializationService$WriteContext$3: loaded 3 times (x 80B)
Class org.jetbrains.kotlin.idea.gradleTooling.AndroidAwareGradleModelProvider         : loaded 3 times (x 80B)
Class org.jetbrains.plugins.gradle.tooling.serialization.internal.IdeaProjectSerializationService$WriteContext$4: loaded 3 times (x 80B)
Class com.intellij.gradle.toolingExtension.impl.model.sourceSetDependencyModel.GradleSourceSetDependencySerialisationService$Companion: loaded 3 times (x 68B)
Class jdk.internal.jimage.decompressor.Decompressor                                   : loaded 3 times (x 69B)
Class jdk.internal.jimage.ImageReader$Resource                                        : loaded 3 times (x 81B)
Class com.amazon.ion.BufferConfiguration$Builder                                      : loaded 3 times (x 75B)
Class org.jetbrains.plugins.gradle.tooling.serialization.internal.IdeaProjectSerializationService$WriteContext$5: loaded 3 times (x 80B)
Class com.intellij.gradle.toolingExtension.impl.model.sourceSetDependencyModel.GradleSourceSetDependencySerialisationService$SourceSetDependencyModelWriteContext: loaded 3 times (x 69B)
Class jdk.internal.jrtfs.JrtFileAttributes                                            : loaded 3 times (x 80B)
Class com.google.common.collect.Lists$ReverseList                                     : loaded 3 times (x 197B)
Class com.google.common.collect.ImmutableSortedSet                                    : loaded 3 times (x 297B)
Class com.amazon.ion.impl.bin.IntList                                                 : loaded 3 times (x 74B)
Class com.amazon.ion.impl._Private_RecyclingQueue$ElementIterator                     : loaded 3 times (x 79B)
Class com.amazon.ion.impl.lite._Private_LiteDomTrampoline                             : loaded 3 times (x 68B)
Class com.amazon.ion.IonType                                                          : loaded 3 times (x 76B)
Class org.jetbrains.plugins.gradle.tooling.serialization.internal.IdeaProjectSerializationService$WriteContext$6: loaded 3 times (x 80B)
Class org.jetbrains.plugins.gradle.tooling.util.IntObjectMap                          : loaded 3 times (x 70B)
Class com.google.common.collect.ImmutableMap$SerializedForm                           : loaded 3 times (x 70B)
Class com.google.common.base.CharMatcher$IsNot                                        : loaded 3 times (x 108B)
Class com.amazon.ion.impl.lite.ValueFactoryLite                                       : loaded 3 times (x 215B)
Class org.jetbrains.plugins.gradle.tooling.serialization.internal.IdeaProjectSerializationService$WriteContext$7: loaded 3 times (x 80B)
Class org.jetbrains.plugins.gradle.model.RepositoryModels                             : loaded 3 times (x 67B)
Class com.google.common.collect.RegularImmutableSortedSet                             : loaded 3 times (x 297B)
Class com.amazon.ion.impl.bin.WriteBuffer                                             : loaded 3 times (x 75B)
Class com.amazon.ion.impl.bin.IonManagedBinaryWriter                                  : loaded 3 times (x 163B)
Class org.jetbrains.plugins.gradle.tooling.serialization.internal.IdeaProjectSerializationService$WriteContext$8: loaded 3 times (x 80B)
Class com.google.common.collect.ImmutableMapEntry                                     : loaded 3 times (x 82B)
Class com.amazon.ion.impl.lite.IonBlobLite                                            : loaded 3 times (x 216B)
Class com.amazon.ion.impl.LocalSymbolTable                                            : loaded 3 times (x 118B)
Class org.jetbrains.plugins.gradle.tooling.serialization.SerializationService         : loaded 3 times (x 67B)
Class com.google.common.collect.ImmutableMultimap                                     : loaded 3 times (x 144B)
Class com.google.common.collect.ImmutableMapEntry$NonTerminalImmutableMapEntry        : loaded 3 times (x 82B)
Class com.google.common.base.Function                                                 : loaded 3 times (x 67B)
Class com.amazon.ion.IonList                                                          : loaded 3 times (x 67B)
Class org.jetbrains.plugins.gradle.tooling.serialization.internal.adapter.Supplier    : loaded 3 times (x 67B)
Class com.google.common.collect.RegularImmutableList                                  : loaded 3 times (x 210B)
Class com.amazon.ion.IonSystem                                                        : loaded 3 times (x 67B)
Class com.amazon.ion.impl.bin.IonManagedBinaryWriter$ImportedSymbolContext            : loaded 3 times (x 69B)
Class jdk.internal.jimage.ImageBufferCache                                            : loaded 3 times (x 68B)
Class jdk.internal.jrtfs.JrtPath                                                      : loaded 3 times (x 115B)
Class com.intellij.gradle.toolingExtension.impl.model.sourceSetModel.GradleSourceSetSerialisationService: loaded 3 times (x 74B)
Class com.amazon.ion.impl.lite.IonIntLite                                             : loaded 3 times (x 186B)
Class com.amazon.ion.util._Private_FastAppendable                                     : loaded 3 times (x 67B)
Class [Lcom.amazon.ion.impl.bin.IonRawBinaryWriter$PreallocationMode;                 : loaded 3 times (x 66B)
Class com.amazon.ion.impl.lite.IonSexpLite                                            : loaded 3 times (x 487B)
Class com.amazon.ion.impl.lite.IonListLite                                            : loaded 3 times (x 487B)
Class com.amazon.ion.IonFloat                                                         : loaded 3 times (x 67B)
Class jdk.internal.jimage.ImageReader$SharedImageReader$LocationVisitor               : loaded 3 times (x 67B)
Class [Lcom.google.common.collect.ImmutableEntry;                                     : loaded 3 times (x 66B)
Class com.amazon.ion.impl.LocalSymbolTable$Factory                                    : loaded 3 times (x 74B)
Class com.amazon.ion.impl.bin.IonManagedBinaryWriter$ImportedSymbolResolverMode       : loaded 3 times (x 77B)
Class com.intellij.gradle.toolingExtension.impl.model.buildScriptClasspathModel.GradleBuildScriptClasspathSerializationService: loaded 3 times (x 74B)
Class com.amazon.ion.impl.LocalSymbolTableAsStruct                                    : loaded 3 times (x 123B)
Class com.amazon.ion.impl.lite.IonTimestampLite                                       : loaded 3 times (x 189B)
Class org.jetbrains.plugins.gradle.model.FileCollectionDependency                     : loaded 3 times (x 67B)
Class org.gradle.internal.impldep.gnu.trove.TObjectHashingStrategy                    : loaded 3 times (x 67B)
Class com.intellij.gradle.toolingExtension.impl.model.utilDummyModel.DummyModel       : loaded 3 times (x 67B)
Class Build_gradle$1                                                                  : loaded 3 times (x 71B)
Class com.amazon.ion.IonString                                                        : loaded 3 times (x 67B)
Class org.jetbrains.plugins.gradle.model.GradleSourceSetDependencyModel               : loaded 3 times (x 67B)
Class jdk.internal.jimage.ImageReader$Directory                                       : loaded 3 times (x 81B)
Class com.android.ide.gradle.model.LegacyV1AgpVersionModel                            : loaded 3 times (x 67B)
Class com.amazon.ion.BufferConfiguration                                              : loaded 3 times (x 70B)
Class com.amazon.ion.system.SimpleCatalog                                             : loaded 3 times (x 88B)
Class com.intellij.gradle.toolingExtension.impl.model.taskModel.GradleTaskSerialisationService: loaded 3 times (x 73B)
Class com.google.common.collect.Lists$ReverseList$1                                   : loaded 3 times (x 96B)
Class com.google.common.collect.ImmutableRangeSet$Builder                             : loaded 3 times (x 74B)
Class org.jetbrains.plugins.gradle.tooling.util.IntObjectMap$1                        : loaded 3 times (x 74B)
Class org.gradle.internal.impldep.com.google.common.base.Preconditions                : loaded 3 times (x 68B)
Class [Lcom.amazon.ion.impl.bin.IonRawBinaryWriter$StreamFlushMode;                   : loaded 3 times (x 66B)
Class com.amazon.ion.UnsupportedIonVersionException                                   : loaded 3 times (x 82B)
Class com.amazon.ion.impl.bin.IonManagedBinaryWriter$SymbolState                      : loaded 3 times (x 77B)
Class com.amazon.ion.IonStruct                                                        : loaded 3 times (x 67B)
Class org.jetbrains.plugins.gradle.model.GradleBuildScriptClasspathModel              : loaded 3 times (x 67B)
Class com.google.common.base.CharMatcher$BitSetMatcher                                : loaded 3 times (x 109B)
Class com.google.common.collect.RegularImmutableMap$Values                            : loaded 3 times (x 204B)
Class com.google.common.collect.ImmutableSet                                          : loaded 3 times (x 142B)
Class com.amazon.ion.impl.IonWriterSystemTextMarkup                                   : loaded 3 times (x 189B)
Class com.amazon.ion.impl.bin.BlockAllocator                                          : loaded 3 times (x 77B)
Class com.amazon.ion.impl._Private_RecyclingQueue                                     : loaded 3 times (x 77B)
Class com.amazon.ion.system.IonWriterBuilderBase                                      : loaded 3 times (x 80B)
Class com.google.common.base.CharMatcher$Or                                           : loaded 3 times (x 109B)
Class com.amazon.ion.impl.bin.IonRawBinaryWriter$1                                    : loaded 3 times (x 74B)
Class [Lcom.amazon.ion.SymbolTable;                                                   : loaded 3 times (x 66B)
Class com.amazon.ion.impl.bin.IonBinaryWriterAdapter$Factory                          : loaded 3 times (x 67B)
Class com.amazon.ion.impl.BlockedBuffer$BufferedOutputStream                          : loaded 3 times (x 87B)
Class org.jetbrains.plugins.gradle.tooling.serialization.ExternalTestsSerializationService$ReadContext: loaded 3 times (x 69B)
Class com.google.common.collect.ImmutableList$SerializedForm                          : loaded 3 times (x 70B)
Class org.gradle.api.Action                                                           : loaded 3 times (x 67B)
Class org.gradle.internal.Cast                                                        : loaded 3 times (x 68B)
Class com.amazon.ion.impl.bin.AbstractIonWriter$WriteValueOptimization                : loaded 3 times (x 76B)
Class com.google.common.base.CharMatcher$FastMatcher                                  : loaded 3 times (x 108B)
Class com.amazon.ion.impl.bin.BlockAllocatorProvider                                  : loaded 3 times (x 69B)
Class org.jetbrains.plugins.gradle.tooling.serialization.internal.IdeaProjectSerializationService$WriteContext: loaded 3 times (x 69B)
Class com.intellij.gradle.toolingExtension.impl.model.sourceSetDependencyModel.GradleSourceSetDependencySerialisationService: loaded 3 times (x 74B)
Class org.jetbrains.plugins.gradle.model.GradleSourceSetModel                         : loaded 3 times (x 67B)
Class com.google.common.collect.ImmutableMap                                          : loaded 3 times (x 117B)
Class com.google.common.base.Predicate                                                : loaded 3 times (x 67B)
Class com.amazon.ion.impl.lite.IonSequenceLite                                        : loaded 3 times (x 429B)
Class com.amazon.ion.impl._Private_Utils$1                                            : loaded 3 times (x 86B)
Class com.amazon.ion.impl.SymbolTableAsStruct                                         : loaded 3 times (x 67B)
Class com.google.common.base.CharMatcher$NegatedFastMatcher                           : loaded 3 times (x 110B)
Class com.google.common.collect.AbstractRangeSet                                      : loaded 3 times (x 111B)
Class com.amazon.ion.impl.bin.AbstractIonWriter                                       : loaded 3 times (x 158B)
Class org.jetbrains.plugins.gradle.tooling.util.ObjectCollector$Processor             : loaded 3 times (x 67B)
Class org.jetbrains.kotlin.idea.gradleTooling.model.samWithReceiver.SamWithReceiverModel: loaded 3 times (x 67B)
Class [Lcom.google.common.collect.AbstractMapEntry;                                   : loaded 3 times (x 66B)
Class com.google.common.collect.ImmutableEntry                                        : loaded 3 times (x 79B)
Class org.gradle.api.GradleException                                                  : loaded 3 times (x 79B)
Class com.amazon.ion.system.IonReaderBuilder                                          : loaded 3 times (x 90B)
Class org.jetbrains.plugins.gradle.model.AnnotationProcessingConfig                   : loaded 3 times (x 67B)
Class com.amazon.ion.IonReader                                                        : loaded 3 times (x 67B)
Class jdk.internal.jimage.ImageStrings                                                : loaded 3 times (x 67B)
Class com.amazon.ion.IonClob                                                          : loaded 3 times (x 67B)
Class org.jetbrains.plugins.gradle.tooling.ModelBuilderService$Parameter              : loaded 3 times (x 67B)
Class com.amazon.ion.impl.lite.IonLobLite                                             : loaded 3 times (x 181B)
Class com.amazon.ion.impl.lite.IonTextLite                                            : loaded 3 times (x 178B)
Class com.amazon.ion.IonNumber                                                        : loaded 3 times (x 67B)
Class org.gradle.internal.impldep.gnu.trove.TObjectIntProcedure                       : loaded 3 times (x 67B)
Class [Lcom.amazon.ion.impl.bin.IonManagedBinaryWriter$UserState;                     : loaded 3 times (x 66B)
Class com.amazon.ion.impl.bin.utf8.Utf8StringEncoder                                  : loaded 3 times (x 77B)
Class com.amazon.ion.IonBool                                                          : loaded 3 times (x 67B)
Class org.jetbrains.kotlin.idea.gradleTooling.model.assignment.AssignmentModel        : loaded 3 times (x 67B)
Class org.gradle.internal.IoActions                                                   : loaded 3 times (x 68B)
Class com.amazon.ion.IonLoader                                                        : loaded 3 times (x 67B)
Class org.jetbrains.plugins.gradle.model.GradleProperty                               : loaded 3 times (x 67B)
Class com.google.common.collect.ImmutableSet$RegularSetBuilderImpl                    : loaded 3 times (x 74B)
Class com.google.common.collect.ImmutableRangeSet$ComplementRanges                    : loaded 3 times (x 204B)
Class com.amazon.ion.impl._Private_Utils                                              : loaded 3 times (x 68B)
Class com.intellij.gradle.toolingExtension.impl.model.projectModel.GradleExternalProjectSerializationService$ReadContext: loaded 3 times (x 70B)
Class com.intellij.gradle.toolingExtension.impl.model.dependencyModel.DependencyWriteContext: loaded 3 times (x 69B)
Class org.jetbrains.kotlin.idea.gradleTooling.model.parcelize.ParcelizeGradleModel    : loaded 3 times (x 67B)
Class jdk.internal.jrtfs.JrtFileSystem                                                : loaded 3 times (x 99B)
Class com.google.common.collect.RegularImmutableMap$BucketOverflowException           : loaded 3 times (x 79B)
Class com.amazon.ion.impl.bin.utf8.Utf8StringEncoderPool                              : loaded 3 times (x 71B)
Class com.amazon.ion.impl._Private_IonSystem                                          : loaded 3 times (x 67B)
Class com.amazon.ion.BufferConfiguration$OversizedValueHandler                        : loaded 3 times (x 67B)
Class org.jetbrains.plugins.gradle.model.GradleConfiguration                          : loaded 3 times (x 67B)
Class com.amazon.ion.IonDecimal                                                       : loaded 3 times (x 67B)
Class org.jetbrains.plugins.gradle.model.tests.ExternalTestsModel                     : loaded 3 times (x 67B)
Class com.google.common.base.CharMatcher$Is                                           : loaded 3 times (x 108B)
Class com.google.common.base.CharMatcher$Negated                                      : loaded 3 times (x 110B)
Class com.amazon.ion.impl.bin.IonRawBinaryWriter$StreamCloseMode                      : loaded 3 times (x 76B)
Class com.amazon.ion.impl._Private_IonBinaryWriterBuilder$Mutable                     : loaded 3 times (x 112B)
Class com.intellij.gradle.toolingExtension.impl.model.projectModel.GradleExternalProjectSerializationService: loaded 3 times (x 74B)
Class com.google.common.base.Preconditions                                            : loaded 3 times (x 68B)
Class com.amazon.ion.impl.bin.IonRawBinaryWriter$PatchPoint                           : loaded 3 times (x 70B)
Class com.amazon.ion.IonSequence                                                      : loaded 3 times (x 67B)
Class com.amazon.ion.IonBlob                                                          : loaded 3 times (x 67B)
Class com.amazon.ion.IonLob                                                           : loaded 3 times (x 67B)
Class org.jetbrains.plugins.gradle.tooling.serialization.ExternalTestsSerializationService: loaded 3 times (x 74B)
Class com.google.common.collect.ImmutableSetMultimap                                  : loaded 3 times (x 177B)
Class com.google.common.base.CharMatcher                                              : loaded 3 times (x 108B)
Class com.google.common.base.Joiner$1                                                 : loaded 3 times (x 77B)
Class com.google.common.collect.PeekingIterator                                       : loaded 3 times (x 67B)
Class com.amazon.ion.system.IonTextWriterBuilder                                      : loaded 3 times (x 95B)
Class com.amazon.ion.impl.bin.IonManagedBinaryWriter$ImportedSymbolResolverMode$1$1$1 : loaded 3 times (x 73B)
Class com.amazon.ion.impl._Private_LocalSymbolTableFactory                            : loaded 3 times (x 67B)
Class org.jetbrains.plugins.gradle.tooling.serialization.AnnotationProcessingModelSerializationService: loaded 3 times (x 74B)
Class com.google.common.base.CharMatcher$NamedFastMatcher                             : loaded 3 times (x 109B)
Class com.google.common.base.CharMatcher$1                                            : loaded 3 times (x 110B)
Class com.google.common.base.Joiner$2                                                 : loaded 3 times (x 76B)
Class com.google.common.collect.RangeGwtSerializationDependencies                     : loaded 3 times (x 68B)
Class com.amazon.ion.impl.lite.IonNullLite                                            : loaded 3 times (x 172B)
Class [Lcom.intellij.openapi.externalSystem.model.project.dependencies.ResolutionState;: loaded 3 times (x 66B)
Class org.gradle.internal.impldep.gnu.trove.TObjectHash                               : loaded 3 times (x 91B)
Class org.jetbrains.plugins.gradle.model.DependencyAccessorsModel                     : loaded 3 times (x 67B)
Class com.google.common.collect.RangeSet                                              : loaded 3 times (x 67B)
Class com.amazon.ion.impl.lite.IonClobLite                                            : loaded 3 times (x 217B)
Class com.amazon.ion.impl._Private_ValueFactory                                       : loaded 3 times (x 67B)
Class com.amazon.ion.impl.bin.IonRawBinaryWriter$PreallocationMode$1                  : loaded 3 times (x 79B)
Class [Lcom.amazon.ion.impl.bin._Private_IonManagedBinaryWriterBuilder$AllocatorMode; : loaded 3 times (x 66B)
Class org.jetbrains.kotlin.idea.gradleTooling.KotlinMPPGradleModel                    : loaded 3 times (x 67B)
Class com.intellij.gradle.toolingExtension.impl.model.dependencyDownloadPolicyModel.GradleDependencyDownloadPolicy: loaded 3 times (x 67B)
Class com.google.common.collect.ImmutableMapEntrySet$RegularEntrySet                  : loaded 3 times (x 149B)
Class com.amazon.ion.IonInt                                                           : loaded 3 times (x 67B)
Class com.amazon.ion.impl.bin.IonRawBinaryWriter$PreallocationMode$2                  : loaded 3 times (x 79B)
Class org.jetbrains.kotlin.idea.gradleTooling.PrepareKotlinIdeImportTaskModel         : loaded 3 times (x 67B)
Class com.google.common.collect.ImmutableSet$Builder                                  : loaded 3 times (x 82B)
Class com.google.common.collect.SetMultimap                                           : loaded 3 times (x 67B)
Class com.google.common.base.CharMatcher$InRange                                      : loaded 3 times (x 108B)
Class com.android.ide.gradle.model.GradlePluginModel                                  : loaded 3 times (x 67B)
Class com.amazon.ion.impl.bin.IonRawBinaryWriter$PreallocationMode$3                  : loaded 3 times (x 79B)
Class com.amazon.ion.impl.lite.IonDecimalLite                                         : loaded 3 times (x 185B)
Class com.amazon.ion.IonBufferConfiguration$Builder                                   : loaded 3 times (x 75B)
Class org.jetbrains.plugins.gradle.model.GradleExtension                              : loaded 3 times (x 67B)
Class Build_gradle                                                                    : loaded 3 times (x 127B)
Class [Lcom.amazon.ion.impl.bin.IonRawBinaryWriter$ContainerType;                     : loaded 3 times (x 66B)
Class com.google.common.collect.ImmutableList                                         : loaded 3 times (x 203B)
Class com.amazon.ion.impl.bin.utf8.Utf8StringEncoder$Result                           : loaded 3 times (x 71B)
Class com.amazon.ion.impl.bin.utf8.Pool$Allocator                                     : loaded 3 times (x 67B)
Class com.amazon.ion.IonText                                                          : loaded 3 times (x 67B)
Class com.amazon.ion.impl.SymbolTokenImpl                                             : loaded 3 times (x 78B)
Class com.amazon.ion.SubstituteSymbolTableException                                   : loaded 3 times (x 81B)
Class jdk.internal.jrtfs.JrtDirectoryStream                                           : loaded 3 times (x 86B)
Class com.google.common.collect.ImmutableSet$SetBuilderImpl                           : loaded 3 times (x 73B)
Class com.amazon.ion.impl.bin.IonManagedBinaryWriter$ImportDescriptor                 : loaded 3 times (x 73B)
Class com.amazon.ion.SymbolTable                                                      : loaded 3 times (x 67B)
Class org.jetbrains.plugins.gradle.tooling.serialization.GradleExtensionsSerializationService$WriteContext: loaded 3 times (x 69B)
Class com.intellij.gradle.toolingExtension.impl.model.taskModel.GradleTaskSerialisationService$Companion: loaded 3 times (x 68B)
Class org.jetbrains.plugins.gradle.javaModel.JavaGradleManifestModel                  : loaded 3 times (x 67B)
Class com.google.common.collect.ForwardingObject                                      : loaded 3 times (x 69B)
Class com.google.common.collect.ImmutableList$SubList                                 : loaded 3 times (x 206B)
Class [Lcom.amazon.ion.impl.bin.IonManagedBinaryWriter$SymbolState;                   : loaded 3 times (x 66B)
Class com.amazon.ion.impl._Private_IonWriterBase                                      : loaded 3 times (x 159B)
Class com.amazon.ion.system.IonSystemBuilder                                          : loaded 3 times (x 72B)
Class com.amazon.ion.IonCatalog                                                       : loaded 3 times (x 67B)
Class com.intellij.gradle.toolingExtension.impl.model.sourceSetModel.GradleSourceSetSerialisationService$SourceSetModelReadContext: loaded 3 times (x 69B)
Class com.intellij.gradle.toolingExtension.impl.model.utilTurnOffDefaultTasksModel.TurnOffDefaultTasks: loaded 3 times (x 67B)
Class com.intellij.gradle.toolingExtension.impl.model.sourceSetModel.GradleSourceSetSerialisationService$SourceSetModelWriteContext: loaded 3 times (x 69B)
Class com.google.common.collect.Iterators$MergingIterator                             : loaded 3 times (x 78B)
Class com.google.common.collect.RegularImmutableSet                                   : loaded 3 times (x 146B)
Class com.amazon.ion.impl._Private_RecyclingQueue$Recycler                            : loaded 3 times (x 67B)
Class com.amazon.ion.impl.lite.ContainerlessContext                                   : loaded 3 times (x 77B)
Class org.jetbrains.plugins.gradle.tooling.serialization.GradleExtensionsSerializationService$ReadContext: loaded 3 times (x 69B)
Class com.google.common.collect.Iterables                                             : loaded 3 times (x 68B)
Class com.android.ide.gradle.model.LegacyAndroidGradlePluginProperties                : loaded 3 times (x 67B)
Class com.amazon.ion.UnexpectedEofException                                           : loaded 3 times (x 81B)
Class com.amazon.ion.IonSexp                                                          : loaded 3 times (x 67B)
Class com.amazon.ion.ReadOnlyValueException                                           : loaded 3 times (x 81B)
Class com.amazon.ion.impl._Private_LocalSymbolTable                                   : loaded 3 times (x 67B)
Class com.amazon.ion.BufferConfiguration$DataHandler                                  : loaded 3 times (x 67B)
Class com.amazon.ion.impl._Private_IonBinaryWriterBuilder                             : loaded 3 times (x 112B)
Class org.jetbrains.plugins.gradle.tooling.serialization.RepositoriesModelSerializationService$WriteContext: loaded 3 times (x 69B)
Class com.google.common.collect.Lists$RandomAccessReverseList                         : loaded 3 times (x 197B)
Class com.android.ide.gradle.model.builder.AndroidStudioToolingPluginKt               : loaded 2 times (x 68B)
Class com.intellij.gradle.toolingExtension.impl.model.dependencyModel.DefaultModuleComponentIdentifier: loaded 2 times (x 83B)
Class kotlin.text.StringsKt__StringsKt                                                : loaded 2 times (x 68B)
Class com.android.builder.model.v2.ide.ViewBindingOptions                             : loaded 2 times (x 67B)
Class kotlin.text.MatchGroupCollection                                                : loaded 2 times (x 67B)
Class kotlin.text.MatcherMatchResult                                                  : loaded 2 times (x 77B)
Class kotlin.sequences.FlatteningSequence                                             : loaded 2 times (x 72B)
Class kotlin.NotImplementedError                                                      : loaded 2 times (x 79B)
Class com.google.common.io.LineReader                                                 : loaded 2 times (x 69B)
Class com.google.common.base.Equivalence$Identity                                     : loaded 2 times (x 79B)
Class com.google.common.base.PairwiseEquivalence                                      : loaded 2 times (x 80B)
Class org.gradle.internal.classloader.FilteringClassLoader                            : loaded 2 times (x 102B)
Class com.intellij.gradle.toolingExtension.impl.model.utilTurnOffDefaultTasksModel.DefaultTurnOffDefaultTasks: loaded 2 times (x 68B)
Class com.intellij.gradle.toolingExtension.impl.model.dependencyGraphModel.GradleDependencyGraphModelBuilder: loaded 2 times (x 79B)
Class com.intellij.gradle.toolingExtension.impl.util.collectionUtil.GradleCollectionVisitor: loaded 2 times (x 67B)
Class kotlin.sequences.FilteringSequence$iterator$1                                   : loaded 2 times (x 76B)
Class kotlin.io.FilesKt__FileTreeWalkKt                                               : loaded 2 times (x 68B)
Class kotlin.jvm.internal.CollectionToArray                                           : loaded 2 times (x 68B)
Class kotlin.collections.CollectionsKt__ReversedViewsKt                               : loaded 2 times (x 68B)
Class kotlin.sequences.SequencesKt__SequenceBuilderKt                                 : loaded 2 times (x 68B)
Class com.google.common.cache.LocalCache$ValueIterator                                : loaded 2 times (x 83B)
Class [Lcom.google.common.collect.MapMakerInternalMap$Segment;                        : loaded 2 times (x 66B)
Class com.google.common.io.FileWriteMode                                              : loaded 2 times (x 76B)
Class [Lcom.google.common.base.AbstractIterator$State;                                : loaded 2 times (x 66B)
Class org.gradle.internal.classloader.ClassLoaderHierarchy                            : loaded 2 times (x 67B)
Class com.intellij.gradle.toolingExtension.impl.model.utilDummyModel.DefaultDummyModel: loaded 2 times (x 70B)
Class com.android.builder.model.v2.models.VariantDependenciesAdjacencyList            : loaded 2 times (x 67B)
Class org.gradle.tooling.model.build.GradleEnvironment                                : loaded 2 times (x 67B)
Class org.gradle.tooling.internal.adapter.ProtocolToModelAdapter$InvocationHandlerImpl: loaded 2 times (x 74B)
Class [Lcom.google.common.cache.RemovalCause;                                         : loaded 2 times (x 66B)
Class com.google.common.collect.AbstractMapBasedMultimap$WrappedCollection            : loaded 2 times (x 121B)
Class com.google.common.collect.ImmutableEnumSet                                      : loaded 2 times (x 143B)
Class com.google.common.util.concurrent.ExecutionError                                : loaded 2 times (x 79B)
Class org.gradle.api.internal.classpath.ManifestUtil                                  : loaded 2 times (x 68B)
Class com.intellij.gradle.toolingExtension.impl.model.dependencyModel.GradleDependencyResolver: loaded 2 times (x 69B)
Class org.jetbrains.kotlin.android.synthetic.idea.AndroidExtensionsGradleModelImpl    : loaded 2 times (x 74B)
Class com.intellij.openapi.externalSystem.model.project.dependencies.ProjectDependencyNode: loaded 2 times (x 67B)
Class kotlin.ranges.IntProgression$Companion                                          : loaded 2 times (x 68B)
Class com.android.builder.model.v2.ide.AndroidArtifact                                : loaded 2 times (x 67B)
Class org.gradle.tooling.internal.adapter.TargetTypeProvider                          : loaded 2 times (x 67B)
Class com.google.common.io.ByteArrayDataOutput                                        : loaded 2 times (x 67B)
Class org.jetbrains.plugins.gradle.model.ear.EarConfiguration                         : loaded 2 times (x 67B)
Class com.android.builder.model.v2.ide.AaptOptions$Namespacing                        : loaded 2 times (x 76B)
Class com.android.utils.FileUtils                                                     : loaded 2 times (x 68B)
Class kotlin.sequences.TransformingSequence                                           : loaded 2 times (x 72B)
Class org.gradle.tooling.internal.adapter.MethodInvocation                            : loaded 2 times (x 82B)
Class org.gradle.internal.operations.MultipleBuildOperationFailures                   : loaded 2 times (x 92B)
Class com.google.common.cache.LocalCache$Values                                       : loaded 2 times (x 115B)
Class com.google.common.collect.TransformedListIterator                               : loaded 2 times (x 90B)
Class com.google.common.reflect.TypeCapture                                           : loaded 2 times (x 68B)
Class [Lorg.objectweb.asm.Symbol;                                                     : loaded 2 times (x 66B)
Class org.objectweb.asm.ClassVisitor                                                  : loaded 2 times (x 85B)
Class [Lcom.intellij.openapi.externalSystem.model.project.ExternalSystemSourceType;   : loaded 2 times (x 66B)
Class org.jetbrains.kotlin.idea.gradleTooling.KotlinMPPGradleModelBinaryBuilder       : loaded 2 times (x 83B)
Class com.google.common.collect.MapMakerInternalMap$StrongKeyDummyValueEntry$LinkedStrongKeyDummyValueEntry: loaded 2 times (x 79B)
Class com.google.common.collect.MapMakerInternalMap$Strength                          : loaded 2 times (x 77B)
Class com.google.common.base.Platform$JdkPatternCompiler                              : loaded 2 times (x 72B)
Class org.objectweb.asm.MethodTooLargeException                                       : loaded 2 times (x 80B)
Class [Lcom.google.common.cache.CacheBuilder$OneWeigher;                              : loaded 2 times (x 66B)
Class com.google.common.base.Suppliers                                                : loaded 2 times (x 68B)
Class org.gradle.internal.classloader.DefaultClassLoaderFactory                       : loaded 2 times (x 79B)
Class org.jetbrains.plugins.gradle.tooling.builder.ExternalTestsModelBuilderImpl      : loaded 2 times (x 75B)
Class com.google.common.collect.ReverseNaturalOrdering                                : loaded 2 times (x 111B)
Class kotlin.text.MatcherMatchResult$groupValues$1                                    : loaded 2 times (x 195B)
Class kotlin.sequences.SequencesKt___SequencesKt                                      : loaded 2 times (x 68B)
Class kotlin.collections.AbstractList$Companion                                       : loaded 2 times (x 68B)
Class org.apache.commons.io.file.PathUtils                                            : loaded 2 times (x 68B)
Class com.google.common.io.ByteSource$ConcatenatedByteSource                          : loaded 2 times (x 82B)
Class [Lcom.google.common.collect.AbstractIterator$State;                             : loaded 2 times (x 66B)
Class com.google.common.base.CharMatcher$None                                         : loaded 2 times (x 109B)
Class org.gradle.internal.classloader.ClassLoaderVisitor                              : loaded 2 times (x 73B)
Class com.android.ide.gradle.model.builder.GradlePluginModelBuilder                   : loaded 2 times (x 72B)
Class com.intellij.gradle.toolingExtension.impl.model.dependencyModel.DefaultModuleIdentifier: loaded 2 times (x 75B)
Class org.jetbrains.kotlin.tooling.core.Interner                                      : loaded 2 times (x 67B)
Class jdk.internal.jrtfs.ExplodedImage                                                : loaded 2 times (x 74B)
Class com.google.common.collect.Ordering                                              : loaded 2 times (x 111B)
Class [Lcom.android.ide.common.repository.AgpVersion$PreviewKind;                     : loaded 2 times (x 66B)
Class kotlin.sequences.SequencesKt___SequencesKt$flatMap$2                            : loaded 2 times (x 122B)
Class org.gradle.api.internal.classpath.EffectiveClassPath                            : loaded 2 times (x 87B)
Class com.intellij.openapi.externalSystem.model.project.dependencies.DependencyNode   : loaded 2 times (x 67B)
Class org.gradle.internal.impldep.com.google.common.collect.Iterators$1               : loaded 2 times (x 78B)
Class kotlin.text.StringsKt__AppendableKt                                             : loaded 2 times (x 68B)
Class com.android.builder.model.v2.models.AndroidDsl                                  : loaded 2 times (x 67B)
Class org.gradle.tooling.internal.gradle.DefaultProjectIdentifier                     : loaded 2 times (x 83B)
Class [Lorg.apache.commons.io.StandardLineSeparator;                                  : loaded 2 times (x 66B)
Class org.apache.commons.io.output.StringBuilderWriter                                : loaded 2 times (x 97B)
Class com.google.common.collect.CollectSpliterators$1WithCharacteristics              : loaded 2 times (x 87B)
Class com.google.common.collect.ListMultimap                                          : loaded 2 times (x 67B)
Class com.google.common.collect.ImmutableEnumMap                                      : loaded 2 times (x 123B)
Class org.jetbrains.kotlin.idea.gradleTooling.model.allopen.AllOpenModelImpl          : loaded 2 times (x 82B)
Class com.google.common.collect.ImmutableSet$SerializedForm                           : loaded 2 times (x 70B)
Class kotlin.jvm.internal.ArrayIteratorKt                                             : loaded 2 times (x 68B)
Class com.android.ide.common.gradle.Numeric                                           : loaded 2 times (x 74B)
Class com.google.common.collect.ComparatorOrdering                                    : loaded 2 times (x 112B)
Class com.google.common.collect.Iterators$EmptyModifiableIterator                     : loaded 2 times (x 83B)
Class com.google.common.collect.Sets$1                                                : loaded 2 times (x 136B)
Class org.objectweb.asm.AnnotationVisitor                                             : loaded 2 times (x 75B)
Class com.google.common.base.Splitter                                                 : loaded 2 times (x 69B)
Class org.gradle.api.internal.DefaultClassPathProvider                                : loaded 2 times (x 73B)
Class com.intellij.gradle.toolingExtension.impl.model.dependencyModel.GradleDependencyTraverser$Itr: loaded 2 times (x 80B)
Class org.jetbrains.plugins.gradle.tooling.serialization.internal.adapter.InternalProjectIdentifier: loaded 2 times (x 73B)
Class org.jetbrains.kotlin.idea.gradleTooling.KotlinMPPGradleModelBuilder             : loaded 2 times (x 83B)
Class com.intellij.gradle.toolingExtension.impl.model.utilTurnOffDefaultTasksModel.TurnOffDefaultTasksModelBuilder: loaded 2 times (x 83B)
Class kotlin.text.StringsKt__StringNumberConversionsJVMKt                             : loaded 2 times (x 68B)
Class com.google.common.collect.NaturalOrdering                                       : loaded 2 times (x 112B)
Class kotlin.text.MatchResult                                                         : loaded 2 times (x 67B)
Class com.android.builder.model.v2.models.BasicAndroidProject                         : loaded 2 times (x 67B)
Class kotlin.sequences.SequenceScope                                                  : loaded 2 times (x 70B)
Class kotlin.sequences.Sequence                                                       : loaded 2 times (x 67B)
Class org.gradle.tooling.ToolingModelContract                                         : loaded 2 times (x 67B)
Class [Lcom.google.common.base.Function;                                              : loaded 2 times (x 66B)
Class com.google.common.io.CharSource$ConcatenatedCharSource                          : loaded 2 times (x 83B)
Class com.google.common.collect.MapMakerInternalMap$Strength$1                        : loaded 2 times (x 77B)
Class com.google.common.collect.Maps$ViewCachingAbstractMap                           : loaded 2 times (x 122B)
Class com.google.common.collect.Sets$2                                                : loaded 2 times (x 136B)
Class [Lorg.gradle.api.internal.ClassPathProvider;                                    : loaded 2 times (x 66B)
Class org.gradle.api.internal.ClassPathProvider                                       : loaded 2 times (x 67B)
Class com.android.ide.gradle.model.builder.LegacyV1AgpVersionModelBuilder             : loaded 2 times (x 72B)
Class org.gradle.internal.impldep.com.google.common.collect.Iterators$4               : loaded 2 times (x 79B)
Class kotlin.collections.CollectionsKt___CollectionsKt$asSequence$$inlined$Sequence$1 : loaded 2 times (x 72B)
Class [Lorg.objectweb.asm.AnnotationVisitor;                                          : loaded 2 times (x 66B)
Class com.google.common.collect.MapMakerInternalMap$Strength$2                        : loaded 2 times (x 77B)
Class com.google.common.reflect.Types$ClassOwnership$1                                : loaded 2 times (x 77B)
Class com.google.common.collect.Sets$3                                                : loaded 2 times (x 136B)
Class com.google.common.util.concurrent.AbstractFuture$SafeAtomicHelper               : loaded 2 times (x 76B)
Class com.google.common.cache.LocalCache$LocalLoadingCache                            : loaded 2 times (x 131B)
Class com.google.common.base.AbstractIterator$State                                   : loaded 2 times (x 76B)
Class org.gradle.internal.service.UnknownServiceException                             : loaded 2 times (x 80B)
Class com.intellij.gradle.toolingExtension.impl.model.sourceSetModel.GradleSourceSetResolutionContext: loaded 2 times (x 70B)
Class com.intellij.openapi.externalSystem.model.project.dependencies.UnknownDependencyNode: loaded 2 times (x 84B)
Class org.gradle.internal.impldep.com.google.common.collect.Iterators$5               : loaded 2 times (x 79B)
Class com.google.common.io.ByteArrayDataInput                                         : loaded 2 times (x 67B)
Class com.google.common.collect.MapMakerInternalMap$StrongValueEntry                  : loaded 2 times (x 67B)
Class com.google.common.reflect.Types$ClassOwnership$2                                : loaded 2 times (x 77B)
Class com.google.common.reflect.TypeResolver                                          : loaded 2 times (x 69B)
Class com.google.common.collect.Sets$4                                                : loaded 2 times (x 136B)
Class org.objectweb.asm.ModuleVisitor                                                 : loaded 2 times (x 78B)
Class com.google.common.cache.LocalCache$Strength$1                                   : loaded 2 times (x 78B)
Class com.android.ide.gradle.model.impl.GradlePluginModelImpl$Companion               : loaded 2 times (x 68B)
Class com.intellij.gradle.toolingExtension.impl.util.GradleIdeaPluginUtil             : loaded 2 times (x 68B)
Class org.jetbrains.plugins.gradle.tooling.builder.DependencyAccessorsModelBuilder    : loaded 2 times (x 78B)
Class org.gradle.api.JavaVersion                                                      : loaded 2 times (x 76B)
Class org.gradle.tooling.model.Dependency                                             : loaded 2 times (x 67B)
Class com.google.common.collect.Collections2$FilteredCollection                       : loaded 2 times (x 116B)
Class org.apache.commons.io.output.QueueOutputStream                                  : loaded 2 times (x 84B)
Class com.google.common.reflect.Types$ClassOwnership$3                                : loaded 2 times (x 68B)
Class com.google.common.util.concurrent.SettableFuture                                : loaded 2 times (x 111B)
Class com.google.common.cache.LocalCache$Strength$2                                   : loaded 2 times (x 78B)
Class org.jetbrains.plugins.gradle.tooling.serialization.GradleExtensionsSerializationService$1: loaded 2 times (x 73B)
Class com.intellij.gradle.toolingExtension.impl.util.GradleProjectUtil                : loaded 2 times (x 68B)
Class JetGradlePlugin$getJetModelBuilderOrRegisterIfAbsent                            : loaded 2 times (x 143B)
Class jdk.internal.jrtfs.JrtFileStore                                                 : loaded 2 times (x 80B)
Class kotlin.text.StringsKt__RegexExtensionsJVMKt                                     : loaded 2 times (x 68B)
Class com.android.builder.model.v2.ide.AbstractArtifact                               : loaded 2 times (x 67B)
Class com.google.common.collect.ComparisonChain$1                                     : loaded 2 times (x 78B)
Class com.google.common.collect.AllEqualOrdering                                      : loaded 2 times (x 111B)
Class kotlin.collections.ArraysKt___ArraysJvmKt                                       : loaded 2 times (x 68B)
Class kotlin.collections.CollectionsKt__CollectionsKt                                 : loaded 2 times (x 68B)
Class [Lcom.google.common.collect.Maps$EntryFunction;                                 : loaded 2 times (x 66B)
Class com.google.common.io.ByteStreams                                                : loaded 2 times (x 68B)
Class com.google.common.collect.Interners$InternerImpl                                : loaded 2 times (x 72B)
Class com.google.common.collect.Interner                                              : loaded 2 times (x 67B)
Class com.google.common.collect.TransformedIterator                                   : loaded 2 times (x 77B)
Class com.google.common.cache.LocalCache$Strength$3                                   : loaded 2 times (x 78B)
Class com.google.common.collect.MapDifference                                         : loaded 2 times (x 67B)
Class com.google.common.base.Splitter$1                                               : loaded 2 times (x 74B)
Class com.android.ide.gradle.model.artifacts.builder.AdditionalClassifierArtifactsModelBuilder: loaded 2 times (x 76B)
Class org.jetbrains.plugins.gradle.tooling.serialization.GradleExtensionsSerializationService$2: loaded 2 times (x 73B)
Class jdk.internal.jimage.ImageReader$LinkNode                                        : loaded 2 times (x 81B)
Class kotlin.text.Regex$Companion                                                     : loaded 2 times (x 68B)
Class com.google.common.collect.MapMaker$Dummy                                        : loaded 2 times (x 76B)
Class com.google.common.reflect.Invokable                                             : loaded 2 times (x 100B)
Class org.objectweb.asm.FieldWriter                                                   : loaded 2 times (x 75B)
Class com.google.common.cache.CacheBuilder$NullListener                               : loaded 2 times (x 79B)
Class org.gradle.internal.classpath.TransformedClassPath                              : loaded 2 times (x 93B)
Class org.gradle.internal.classloader.InstrumentingClassLoader                        : loaded 2 times (x 67B)
Class com.android.ide.gradle.model.composites.BuildMapImpl                            : loaded 2 times (x 72B)
Class org.jetbrains.plugins.gradle.tooling.serialization.GradleExtensionsSerializationService$3: loaded 2 times (x 73B)
Class org.gradle.internal.impldep.com.google.common.collect.Iterators$9               : loaded 2 times (x 78B)
Class kotlin.jvm.internal.FunctionReference                                           : loaded 2 times (x 119B)
Class [Lkotlin.coroutines.intrinsics.CoroutineSingletons;                             : loaded 2 times (x 66B)
Class kotlin.jvm.internal.FunctionBase                                                : loaded 2 times (x 67B)
Class kotlin.enums.EnumEntriesList                                                    : loaded 2 times (x 220B)
Class com.google.common.collect.Maps$IteratorBasedAbstractMap$1                       : loaded 2 times (x 135B)
Class org.apache.commons.io.output.UnsynchronizedByteArrayOutputStream                : loaded 2 times (x 99B)
Class com.google.common.collect.ImmutableListMultimap                                 : loaded 2 times (x 173B)
Class com.google.common.reflect.Types$ParameterizedTypeImpl                           : loaded 2 times (x 78B)
Class com.google.common.cache.CacheLoader$FunctionToCacheLoader                       : loaded 2 times (x 72B)
Class org.jetbrains.kotlin.idea.gradleTooling.ModelBuilderUtilsKt                     : loaded 2 times (x 68B)
Class org.jetbrains.kotlin.idea.gradleTooling.model.noarg.NoArgModelImpl              : loaded 2 times (x 83B)
Class org.jetbrains.kotlin.idea.gradleTooling.model.samWithReceiver.SamWithReceiverModelBuilderService: loaded 2 times (x 82B)
Class com.intellij.gradle.toolingExtension.impl.model.sourceSetModel.GradleSourceSetModelBuilder: loaded 2 times (x 83B)
Class kotlin.comparisons.ComparisonsKt___ComparisonsJvmKt                             : loaded 2 times (x 68B)
Class kotlin.collections.CollectionsKt__IteratorsJVMKt                                : loaded 2 times (x 68B)
Class org.apache.commons.io.output.ByteArrayOutputStream                              : loaded 2 times (x 99B)
Class com.google.common.collect.EmptyImmutableListMultimap                            : loaded 2 times (x 173B)
Class com.google.common.reflect.TypeResolver$TypeVariableKey                          : loaded 2 times (x 69B)
Class com.google.common.base.MoreObjects                                              : loaded 2 times (x 68B)
Class org.gradle.internal.impldep.com.google.common.collect.AbstractIterator          : loaded 2 times (x 79B)
Class com.android.builder.model.v2.ide.TestInfo$Execution                             : loaded 2 times (x 76B)
Class kotlin.Result                                                                   : loaded 2 times (x 69B)
Class [Lorg.objectweb.asm.Type;                                                       : loaded 2 times (x 66B)
Class org.gradle.internal.service.ServiceLocator                                      : loaded 2 times (x 67B)
Class org.jetbrains.kotlin.tooling.core.InternerImpl$Store$Strong                     : loaded 2 times (x 73B)
Class org.jetbrains.plugins.gradle.tooling.serialization.ExternalTestsSerializationService$1: loaded 2 times (x 73B)
Class org.gradle.internal.impldep.com.google.common.collect.Iterators                 : loaded 2 times (x 68B)
Class com.google.common.collect.Iterators$SingletonIterator                           : loaded 2 times (x 78B)
Class kotlin.sequences.TransformingSequence$iterator$1                                : loaded 2 times (x 76B)
Class kotlin.Pair                                                                     : loaded 2 times (x 69B)
Class org.gradle.tooling.internal.adapter.ProtocolToModelAdapter$SupportedPropertyInvoker: loaded 2 times (x 73B)
Class org.gradle.tooling.model.UnsupportedMethodException                             : loaded 2 times (x 79B)
Class org.apache.commons.io.FileExistsException                                       : loaded 2 times (x 79B)
Class com.google.common.collect.HashBiMap$BiEntry                                     : loaded 2 times (x 80B)
Class com.google.common.base.Ascii                                                    : loaded 2 times (x 68B)
Class com.google.common.collect.SingletonImmutableBiMap                               : loaded 2 times (x 140B)
Class com.google.common.cache.LocalCache$1                                            : loaded 2 times (x 86B)
Class com.intellij.gradle.toolingExtension.impl.util.javaPluginUtil.JavaPluginUtil    : loaded 2 times (x 68B)
Class com.intellij.gradle.toolingExtension.impl.util.GradleResultUtil                 : loaded 2 times (x 68B)
Class com.android.builder.model.v2.ide.BytecodeTransformation                         : loaded 2 times (x 76B)
Class kotlin.collections.CollectionsKt__MutableCollectionsKt                          : loaded 2 times (x 68B)
Class com.google.common.io.CharSource$StringCharSource                                : loaded 2 times (x 83B)
Class com.google.common.io.ByteSource$ByteArrayByteSource                             : loaded 2 times (x 82B)
Class com.google.common.collect.MapMakerInternalMap$AbstractStrongKeyEntry            : loaded 2 times (x 77B)
Class com.google.common.reflect.TypeToken$SimpleTypeToken                             : loaded 2 times (x 70B)
Class com.google.common.collect.Sets$ImprovedAbstractSet                              : loaded 2 times (x 132B)
Class com.google.common.cache.LocalCache$2                                            : loaded 2 times (x 139B)
Class com.intellij.gradle.toolingExtension.impl.util.javaPluginUtil.JavaPluginAccessor: loaded 2 times (x 67B)
Class kotlin.io.TerminateException                                                    : loaded 2 times (x 79B)
Class kotlin.io.FilesKt__FilePathComponentsKt                                         : loaded 2 times (x 68B)
Class com.android.builder.model.v2.ide.CodeShrinker                                   : loaded 2 times (x 76B)
Class kotlin.reflect.KCallable                                                        : loaded 2 times (x 67B)
Class com.google.common.util.concurrent.AbstractFuture$UnsafeAtomicHelper$1           : loaded 2 times (x 73B)
Class com.intellij.gradle.toolingExtension.impl.util.collectionUtil.GradleCollections : loaded 2 times (x 68B)
Class org.jetbrains.plugins.gradle.tooling.builder.ProjectExtensionsDataBuilderImpl   : loaded 2 times (x 75B)
Class kotlin.collections.AbstractIterator                                             : loaded 2 times (x 80B)
Class kotlin.text.CharsKt                                                             : loaded 2 times (x 68B)
Class org.gradle.tooling.model.kotlin.dsl.KotlinDslScriptModel                        : loaded 2 times (x 67B)
Class org.gradle.tooling.internal.adapter.CollectionMapper                            : loaded 2 times (x 70B)
Class com.google.common.base.Optional                                                 : loaded 2 times (x 77B)
Class com.google.common.util.concurrent.AbstractFuture$Trusted                        : loaded 2 times (x 67B)
Class org.jetbrains.kotlin.idea.gradleTooling.model.assignment.AssignmentModelImpl    : loaded 2 times (x 82B)
Class com.android.ide.gradle.model.ArtifactIdentifierImpl                             : loaded 2 times (x 74B)
Class [Lcom.android.builder.model.v2.ide.LibraryType;                                 : loaded 2 times (x 66B)
Class com.android.builder.model.v2.ide.LibraryType                                    : loaded 2 times (x 76B)
Class com.google.common.collect.ExplicitOrdering                                      : loaded 2 times (x 112B)
Class com.google.common.io.ByteSink$AsCharSink                                        : loaded 2 times (x 77B)
Class com.google.common.util.concurrent.UncheckedExecutionException                   : loaded 2 times (x 79B)
Class org.gradle.kotlin.dsl.VersionCatalogAccessorsKt                                 : loaded 2 times (x 68B)
Class org.gradle.tooling.internal.adapter.ProtocolToModelAdapter                      : loaded 2 times (x 77B)
Class org.gradle.internal.InternalTransformer                                         : loaded 2 times (x 67B)
Class com.android.ide.gradle.model.artifacts.impl.AdditionalClassifierArtifactsModelImpl: loaded 2 times (x 73B)
Class org.jetbrains.plugins.gradle.model.DefaultDependencyAccessorsModel              : loaded 2 times (x 73B)
Class kotlin.collections.ArraysKt___ArraysKt$asSequence$$inlined$Sequence$1           : loaded 2 times (x 72B)
Class com.android.ide.common.gradle.Separator                                         : loaded 2 times (x 76B)
Class com.android.builder.model.v2.ide.AndroidGradlePluginProjectFlags$BooleanFlag    : loaded 2 times (x 76B)
Class kotlin.collections.MapsKt__MapsJVMKt                                            : loaded 2 times (x 68B)
Class kotlin.collections.EmptyList                                                    : loaded 2 times (x 171B)
Class org.gradle.internal.time.DefaultTimer                                           : loaded 2 times (x 77B)
Class com.google.common.collect.AbstractMapBasedMultimap$KeySet$1                     : loaded 2 times (x 79B)
Class org.objectweb.asm.ClassWriter                                                   : loaded 2 times (x 103B)
Class com.google.common.cache.CacheLoader$UnsupportedLoadingOperationException        : loaded 2 times (x 79B)
Class org.gradle.internal.classloader.ClasspathUtil$1                                 : loaded 2 times (x 73B)
Class org.jetbrains.kotlin.idea.gradleTooling.KotlinMPPGradleModelBuilder$Companion   : loaded 2 times (x 68B)
Class com.intellij.gradle.toolingExtension.impl.model.projectModel.GradleExternalProjectModelBuilder: loaded 2 times (x 83B)
Class org.gradle.tooling.internal.adapter.ProtocolToModelAdapter$ViewKey              : loaded 2 times (x 69B)
Class com.google.common.collect.FluentIterable$1                                      : loaded 2 times (x 78B)
Class com.google.common.base.Objects                                                  : loaded 2 times (x 68B)
Class org.objectweb.asm.FieldVisitor                                                  : loaded 2 times (x 74B)
Class org.gradle.api.internal.classpath.DefaultModuleRegistry$DefaultModule           : loaded 2 times (x 83B)
Class org.jetbrains.plugins.gradle.tooling.internal.DefaultRepositoryModels           : loaded 2 times (x 73B)
Class org.gradle.internal.impldep.com.google.common.collect.Iterators$ArrayItr        : loaded 2 times (x 94B)
Class com.android.builder.model.v2.CustomSourceDirectory                              : loaded 2 times (x 67B)
Class com.google.common.collect.NullsFirstOrdering                                    : loaded 2 times (x 112B)
Class com.android.ide.common.repository.AgpVersion                                    : loaded 2 times (x 72B)
Class kotlin.ResultKt                                                                 : loaded 2 times (x 68B)
Class org.gradle.tooling.internal.adapter.ProtocolToModelAdapter$PropertyCachingMethodInvoker: loaded 2 times (x 73B)
Class com.google.common.base.Absent                                                   : loaded 2 times (x 77B)
Class com.google.common.collect.FluentIterable$2                                      : loaded 2 times (x 78B)
Class com.google.common.reflect.Reflection                                            : loaded 2 times (x 68B)
Class com.google.common.primitives.Ints                                               : loaded 2 times (x 68B)
Class org.jetbrains.kotlin.idea.gradleTooling.MultiplatformModelImportingChecker      : loaded 2 times (x 67B)
Class com.android.builder.model.v2.models.ProjectSyncIssues                           : loaded 2 times (x 67B)
Class kotlin.collections.ArraysKt__ArraysKt                                           : loaded 2 times (x 68B)
Class kotlin.Result$Failure                                                           : loaded 2 times (x 69B)
Class org.gradle.internal.time.DefaultCountdownTimer                                  : loaded 2 times (x 85B)
Class com.google.common.collect.FluentIterable$3                                      : loaded 2 times (x 78B)
Class com.google.common.collect.Multiset                                              : loaded 2 times (x 67B)
Class com.google.common.collect.ArrayListMultimapGwtSerializationDependencies         : loaded 2 times (x 169B)
Class com.google.common.math.MathPreconditions                                        : loaded 2 times (x 68B)
Class com.intellij.gradle.toolingExtension.impl.model.sourceSetArtifactIndex.GradleSourceSetArtifactModel: loaded 2 times (x 73B)
Class kotlin.collections.SetsKt__SetsJVMKt                                            : loaded 2 times (x 68B)
Class org.gradle.tooling.internal.adapter.ProtocolToModelAdapter$AdaptingMethodInvoker: loaded 2 times (x 73B)
Class org.gradle.tooling.internal.gradle.DefaultBuildIdentifier                       : loaded 2 times (x 76B)
Class kotlin.Function                                                                 : loaded 2 times (x 67B)
Class org.apache.commons.io.output.NullOutputStream                                   : loaded 2 times (x 82B)
Class org.gradle.api.internal.classpath.Module                                        : loaded 2 times (x 67B)
Class com.intellij.gradle.toolingExtension.impl.util.GradleObjectUtil                 : loaded 2 times (x 68B)
Class com.intellij.openapi.externalSystem.model.project.dependencies.ArtifactDependencyNodeImpl: loaded 2 times (x 92B)
Class kotlin.io.FileAlreadyExistsException                                            : loaded 2 times (x 79B)
Class kotlin.internal.ProgressionUtilKt                                               : loaded 2 times (x 68B)
Class com.google.common.cache.Weigher                                                 : loaded 2 times (x 67B)
Class org.gradle.api.internal.classpath.UnknownModuleException                        : loaded 2 times (x 79B)
Class org.jetbrains.plugins.gradle.tooling.builder.IntelliJSettingsBuilder            : loaded 2 times (x 75B)
Class org.gradle.internal.impldep.com.google.common.collect.PeekingIterator           : loaded 2 times (x 67B)
Class kotlin.sequences.DistinctIterator                                               : loaded 2 times (x 80B)
Class org.apache.commons.io.Charsets                                                  : loaded 2 times (x 68B)
Class com.google.common.base.Stopwatch                                                : loaded 2 times (x 69B)
Class com.google.common.cache.LocalCache$Strength                                     : loaded 2 times (x 78B)
Class com.google.common.cache.Cache                                                   : loaded 2 times (x 67B)
Class org.apache.commons.io.filefilter.IOFileFilter                                   : loaded 2 times (x 67B)
Class com.google.common.io.AppendableWriter                                           : loaded 2 times (x 97B)
Class com.google.common.io.Files$2                                                    : loaded 2 times (x 73B)
Class com.google.common.util.concurrent.AbstractFuture$Cancellation                   : loaded 2 times (x 69B)
Class com.google.common.base.NullnessCasts                                            : loaded 2 times (x 68B)
Class org.gradle.tooling.internal.gradle.GradleProjectIdentity                        : loaded 2 times (x 67B)
Class com.google.common.collect.Maps$EntryFunction$1                                  : loaded 2 times (x 88B)
Class com.google.common.base.Present                                                  : loaded 2 times (x 78B)
Class com.google.common.collect.AbstractMapBasedMultimap$WrappedCollection$WrappedIterator: loaded 2 times (x 81B)
Class com.google.common.cache.RemovalListener                                         : loaded 2 times (x 67B)
Class org.gradle.api.internal.DefaultClassPathRegistry                                : loaded 2 times (x 73B)
Class com.intellij.gradle.toolingExtension.impl.model.dependencyDownloadPolicyModel.GradleDependencyDownloadPolicyBuilder: loaded 2 times (x 83B)
Class kotlin.ranges.ClosedRange                                                       : loaded 2 times (x 67B)
Class com.android.builder.model.v2.ide.JavaArtifact                                   : loaded 2 times (x 67B)
Class com.google.common.collect.Maps$EntryFunction$2                                  : loaded 2 times (x 88B)
Class org.apache.commons.io.file.DeleteOption                                         : loaded 2 times (x 67B)
Class com.google.common.collect.ImmutableMultimap$Keys                                : loaded 2 times (x 163B)
Class com.google.common.reflect.Invokable$ConstructorInvokable                        : loaded 2 times (x 104B)
Class com.google.common.primitives.IntsMethodsForWeb                                  : loaded 2 times (x 68B)
Class org.gradle.api.internal.ClassPathRegistry                                       : loaded 2 times (x 67B)
Class org.gradle.internal.classpath.DefaultClassPath$ImmutableUniqueList              : loaded 2 times (x 196B)
Class com.intellij.gradle.toolingExtension.impl.model.dependencyModel.auxiliary.AuxiliaryArtifactResolver: loaded 2 times (x 67B)
Class org.jetbrains.plugins.gradle.tooling.builder.EarModelBuilderImplKt              : loaded 2 times (x 68B)
Class org.jetbrains.plugins.gradle.tooling.builder.MavenRepositoriesModelBuilder      : loaded 2 times (x 78B)
Class kotlin.text.StringsKt__StringsJVMKt                                             : loaded 2 times (x 68B)
Class kotlin.collections.IntIterator                                                  : loaded 2 times (x 79B)
Class org.apache.commons.io.IOUtils                                                   : loaded 2 times (x 68B)
Class com.google.common.collect.MapMakerInternalMap$Segment                           : loaded 2 times (x 139B)
Class com.google.common.reflect.TypeToken                                             : loaded 2 times (x 70B)
Class com.google.common.base.ExtraObjectsMethodsForWeb                                : loaded 2 times (x 68B)
Class org.jetbrains.kotlin.idea.gradleTooling.PrepareKotlinIdeaImportTaskModelBuilder$Companion: loaded 2 times (x 68B)
Class org.jetbrains.plugins.gradle.tooling.ModelBuilderService                        : loaded 2 times (x 67B)
Class kotlin.text.StringsKt__IndentKt                                                 : loaded 2 times (x 68B)
Class com.android.builder.model.v2.dsl.SigningConfig                                  : loaded 2 times (x 67B)
Class com.android.builder.model.v2.models.AndroidProject                              : loaded 2 times (x 67B)
Class com.android.builder.model.v2.AndroidModel                                       : loaded 2 times (x 67B)
Class kotlin.collections.SetsKt                                                       : loaded 2 times (x 68B)
Class com.google.common.cache.RemovalCause                                            : loaded 2 times (x 77B)
Class com.google.common.io.ByteSink                                                   : loaded 2 times (x 73B)
Class com.google.common.cache.CacheBuilder                                            : loaded 2 times (x 69B)
Class Settings_gradle$1                                                               : loaded 2 times (x 71B)
Class org.gradle.internal.classpath.ClassPath                                         : loaded 2 times (x 67B)
Class com.intellij.gradle.toolingExtension.impl.javaModel.manifestModel.DefaultJavaGradleManifestModel: loaded 2 times (x 73B)
Class com.intellij.openapi.externalSystem.model.project.ExternalSystemSourceType      : loaded 2 times (x 82B)
Class org.jetbrains.kotlin.idea.gradleTooling.model.kapt.KaptModelBuilderService      : loaded 2 times (x 83B)
Class com.intellij.gradle.toolingExtension.impl.model.sourceSetArtifactIndex.GradleSourceSetArtifactIndexBuilder: loaded 2 times (x 83B)
Class kotlin.reflect.KFunction                                                        : loaded 2 times (x 67B)
Class kotlin.collections.ArrayDeque                                                   : loaded 2 times (x 204B)
Class com.google.common.collect.Interners$InternerBuilder                             : loaded 2 times (x 73B)
Class com.google.common.io.Files$FileByteSource                                       : loaded 2 times (x 82B)
Class [Lcom.google.common.reflect.Types$JavaVersion;                                  : loaded 2 times (x 66B)
Class com.google.common.base.JdkPattern                                               : loaded 2 times (x 72B)
Class kotlin.jvm.internal.Lambda                                                      : loaded 2 times (x 72B)
Class kotlin.collections.MapsKt__MapsKt                                               : loaded 2 times (x 68B)
Class com.google.common.io.CharSource$CharSequenceCharSource                          : loaded 2 times (x 83B)
Class com.google.common.io.CharStreams$NullWriter                                     : loaded 2 times (x 96B)
Class org.objectweb.asm.SymbolTable$Entry                                             : loaded 2 times (x 71B)
Class com.google.common.util.concurrent.AbstractFuture$AtomicHelper                   : loaded 2 times (x 75B)
Class org.jetbrains.plugins.gradle.DefaultExternalDependencyId                        : loaded 2 times (x 77B)
Class org.jetbrains.kotlin.idea.gradleTooling.model.noarg.NoArgModelBuilderService    : loaded 2 times (x 82B)
Class org.gradle.internal.impldep.com.google.common.collect.UnmodifiableListIterator  : loaded 2 times (x 92B)
Class com.android.builder.model.v2.ide.Variant                                        : loaded 2 times (x 67B)
Class org.gradle.tooling.model.Model                                                  : loaded 2 times (x 67B)
Class org.objectweb.asm.Edge                                                          : loaded 2 times (x 69B)
Class com.google.common.base.Suppliers$SupplierOfInstance                             : loaded 2 times (x 76B)
Class kotlin.text.MatchResult$Destructured                                            : loaded 2 times (x 69B)
Class kotlin.Metadata                                                                 : loaded 2 times (x 67B)
Class kotlin.UninitializedPropertyAccessException                                     : loaded 2 times (x 79B)
Class com.google.common.reflect.TypeToken$1                                           : loaded 2 times (x 107B)
Class com.google.common.cache.LocalCache$ComputingValueReference                      : loaded 2 times (x 93B)
Class com.android.ide.gradle.model.impl.GradlePropertiesModelImpl                     : loaded 2 times (x 74B)
Class org.gradle.internal.impldep.com.google.common.collect.Multimap                  : loaded 2 times (x 67B)
Class com.intellij.gradle.toolingExtension.impl.model.dependencyDownloadPolicyModel.GradleDependencyDownloadPolicyCache: loaded 2 times (x 72B)
Class org.jetbrains.plugins.gradle.tooling.MessageReporter                            : loaded 2 times (x 67B)
Class org.jetbrains.kotlin.idea.gradleTooling.model.assignment.AssignmentModelBuilderService: loaded 2 times (x 82B)
Class com.android.builder.model.v2.ide.Library                                        : loaded 2 times (x 67B)
Class com.android.builder.model.v2.ide.ArtifactDependenciesAdjacencyList              : loaded 2 times (x 67B)
Class kotlin.sequences.SequencesKt___SequencesKt$filterNotNull$1                      : loaded 2 times (x 75B)
Class com.android.builder.model.v2.models.Versions                                    : loaded 2 times (x 67B)
Class org.gradle.tooling.internal.adapter.ProtocolToModelAdapter$MethodInvocationCache: loaded 2 times (x 70B)
Class com.google.common.collect.AbstractMapBasedMultimap$AsMap$AsMapEntries           : loaded 2 times (x 135B)
Class com.google.common.reflect.TypeToken$2                                           : loaded 2 times (x 107B)
Class com.google.common.cache.LocalCache$Segment                                      : loaded 2 times (x 151B)
Class com.android.ide.gradle.model.builder.LegacyAndroidGradlePluginPropertiesModelBuilder: loaded 2 times (x 77B)
Class org.jetbrains.plugins.gradle.tooling.builder.VersionCatalogsModelBuilder        : loaded 2 times (x 83B)
Class com.intellij.openapi.externalSystem.model.project.dependencies.AbstractDependencyNode: loaded 2 times (x 84B)
Class com.intellij.gradle.toolingExtension.impl.model.utilDummyModel.DummyModelBuilder: loaded 2 times (x 83B)
Class com.android.builder.model.v2.models.ndk.NativeModule                            : loaded 2 times (x 67B)
Class [Lcom.google.common.base.Supplier;                                              : loaded 2 times (x 66B)
Class com.google.common.collect.AbstractListMultimap                                  : loaded 2 times (x 169B)
Class [Lorg.objectweb.asm.SymbolTable$Entry;                                          : loaded 2 times (x 66B)
Class com.google.common.cache.CacheLoader                                             : loaded 2 times (x 71B)
Class org.gradle.internal.installation.GradleInstallation$1                           : loaded 2 times (x 72B)
Class org.gradle.api.internal.classpath.ModuleRegistry                                : loaded 2 times (x 67B)
Class com.android.builder.model.v2.ide.PrivacySandboxSdkInfo                          : loaded 2 times (x 67B)
Class com.android.ide.common.repository.AgpVersion$PreviewKind$Companion              : loaded 2 times (x 68B)
Class org.gradle.tooling.internal.adapter.ObjectGraphAdapter                          : loaded 2 times (x 67B)
Class org.apache.commons.io.output.NullWriter                                         : loaded 2 times (x 96B)
Class com.google.common.util.concurrent.internal.InternalFutureFailureAccess          : loaded 2 times (x 69B)
Class com.google.common.collect.ImmutableSet$JdkBackedSetBuilderImpl                  : loaded 2 times (x 73B)
Class com.google.common.base.Splitter$SplittingIterator                               : loaded 2 times (x 81B)
Class com.android.builder.model.v2.ide.Installation                                   : loaded 2 times (x 67B)
Class com.google.common.collect.ImmutableSortedAsList                                 : loaded 2 times (x 218B)
Class kotlin.text.RegexKt                                                             : loaded 2 times (x 68B)
Class kotlin.coroutines.intrinsics.IntrinsicsKt__IntrinsicsKt                         : loaded 2 times (x 68B)
Class com.google.common.collect.Iterators$6                                           : loaded 2 times (x 78B)
Class com.google.common.collect.ImmutableMultimap$Values                              : loaded 2 times (x 123B)
Class com.google.common.collect.HashBiMap$Inverse                                     : loaded 2 times (x 139B)
Class com.google.common.util.concurrent.AbstractFuture$UnsafeAtomicHelper             : loaded 2 times (x 75B)
Class com.google.common.cache.LocalCache$LocalManualCache$1                           : loaded 2 times (x 72B)
Class com.android.builder.model.v2.models.ModelBuilderParameter                       : loaded 2 times (x 67B)
Class kotlin.io.FilesKt__UtilsKt                                                      : loaded 2 times (x 68B)
Class com.google.common.collect.Lists$TransformingRandomAccessList                    : loaded 2 times (x 196B)
Class kotlin.collections.CollectionsKt__CollectionsJVMKt                              : loaded 2 times (x 68B)
Class org.gradle.api.internal.classpath.DefaultModuleRegistry                         : loaded 2 times (x 83B)
Class org.jetbrains.plugins.gradle.model.DefaultExternalLibraryDependency             : loaded 2 times (x 108B)
Class org.jetbrains.kotlin.idea.gradleTooling.model.parcelize.ParcelizeGradleModelImpl: loaded 2 times (x 71B)
Class kotlin.collections.CollectionsKt__IteratorsKt                                   : loaded 2 times (x 68B)
Class kotlin.sequences.SequencesKt                                                    : loaded 2 times (x 68B)
Class com.google.common.util.concurrent.ListenableFuture                              : loaded 2 times (x 67B)
Class com.google.common.cache.ReferenceEntry                                          : loaded 2 times (x 67B)
Class com.google.common.base.Converter                                                : loaded 2 times (x 87B)
Class com.android.ide.gradle.model.builder.AndroidStudioToolingPlugin                 : loaded 2 times (x 72B)
Class org.jetbrains.kotlin.idea.gradleTooling.model.annotation.AnnotationBasedPluginModelBuilderService: loaded 2 times (x 82B)
Class com.intellij.gradle.toolingExtension.impl.model.taskModel.GradleTaskModelBuilder: loaded 2 times (x 83B)
Class jdk.internal.jimage.BasicImageReader$2                                          : loaded 2 times (x 74B)
Class [Lcom.android.builder.model.v2.ide.CodeShrinker;                                : loaded 2 times (x 66B)
Class kotlin.text.StringsKt                                                           : loaded 2 times (x 68B)
Class com.google.common.collect.AbstractMapBasedMultimap                              : loaded 2 times (x 136B)
Class com.google.common.util.concurrent.AbstractFuture                                : loaded 2 times (x 103B)
Class com.google.common.base.FunctionalEquivalence                                    : loaded 2 times (x 80B)
Class com.android.ide.gradle.model.artifacts.AdditionalClassifierArtifacts            : loaded 2 times (x 67B)
Class org.gradle.util.internal.DefaultGradleVersion$Stage                             : loaded 2 times (x 72B)
Class kotlin.coroutines.jvm.internal.RestrictedContinuationImpl                       : loaded 2 times (x 84B)
Class com.google.common.io.CharStreams                                                : loaded 2 times (x 68B)
Class com.google.common.collect.ImmutableMultiset                                     : loaded 2 times (x 160B)
Class com.google.common.reflect.TypeResolver$TypeTable                                : loaded 2 times (x 70B)
Class org.objectweb.asm.RecordComponentVisitor                                        : loaded 2 times (x 74B)
Class com.google.common.cache.CacheLoader$SupplierToCacheLoader                       : loaded 2 times (x 72B)
Class org.jetbrains.plugins.gradle.model.DefaultGradleProperty                        : loaded 2 times (x 75B)
Class [Lkotlin.Pair;                                                                  : loaded 2 times (x 66B)
Class kotlin.text.StringsKt__StringNumberConversionsKt                                : loaded 2 times (x 68B)
Class kotlin.io.FilesKt__FileReadWriteKt                                              : loaded 2 times (x 68B)
Class com.google.common.collect.UsingToStringOrdering                                 : loaded 2 times (x 111B)
Class kotlin.text.MatchNamedGroupCollection                                           : loaded 2 times (x 67B)
Class kotlin.jvm.internal.markers.KMutableList                                        : loaded 2 times (x 67B)
Class org.gradle.internal.time.MonotonicClock                                         : loaded 2 times (x 74B)
Class com.google.common.reflect.TypeResolver$TypeTable$1                              : loaded 2 times (x 70B)
Class com.google.common.collect.Maps$EntryTransformer                                 : loaded 2 times (x 67B)
Class org.gradle.internal.service.ServiceLookupException                              : loaded 2 times (x 79B)
Class org.gradle.internal.impldep.com.google.common.base.ExtraObjectsMethodsForWeb    : loaded 2 times (x 68B)
Class org.jetbrains.plugins.gradle.tooling.builder.ProjectExtensionsDataBuilderImpl$Companion: loaded 2 times (x 68B)
Class [Lkotlin.sequences.Sequence;                                                    : loaded 2 times (x 66B)
Class kotlin.sequences.SequencesKt___SequencesKt$sortedWith$1                         : loaded 2 times (x 72B)
Class com.google.common.base.CharMatcher$JavaLetter                                   : loaded 2 times (x 108B)
Class [Lcom.google.common.cache.LocalCache$EntryFactory;                              : loaded 2 times (x 66B)
Class org.gradle.internal.classloader.ClassLoaderFactory                              : loaded 2 times (x 67B)
Class com.android.ide.gradle.model.builder.LegacyAndroidGradlePluginPropertiesModelBuilder$PluginType: loaded 2 times (x 76B)
Class com.android.builder.model.v2.ide.LibraryInfo                                    : loaded 2 times (x 67B)
Class org.apache.commons.io.CloseableURLConnection                                    : loaded 2 times (x 113B)
Class com.google.common.cache.LocalCache$LocalManualCache                             : loaded 2 times (x 96B)
Class com.google.common.base.CommonPattern                                            : loaded 2 times (x 71B)
Class org.gradle.internal.service.CachingServiceLocator                               : loaded 2 times (x 79B)
Class org.jetbrains.kotlin.tooling.core.InternerImpl$Store                            : loaded 2 times (x 67B)
Class org.jetbrains.kotlin.android.synthetic.idea.AndroidExtensionsModelBuilderService: loaded 2 times (x 75B)
Class kotlin.collections.AbstractList$SubList                                         : loaded 2 times (x 195B)
Class kotlin.jvm.internal.CallableReference                                           : loaded 2 times (x 103B)
Class com.google.common.collect.Streams                                               : loaded 2 times (x 68B)
Class com.google.common.collect.AbstractMapBasedMultimap$KeySet                       : loaded 2 times (x 134B)
Class com.google.common.math.IntMath                                                  : loaded 2 times (x 68B)
Class com.intellij.gradle.toolingExtension.impl.model.buildScriptClasspathModel.GradleBuildScriptClasspathSerializationService$1: loaded 2 times (x 73B)
Class com.intellij.gradle.toolingExtension.impl.modelBuilder.DefaultMessageReporter   : loaded 2 times (x 72B)
Class org.gradle.internal.impldep.com.google.common.collect.UnmodifiableIterator      : loaded 2 times (x 77B)
Class kotlin.ranges.IntRange                                                          : loaded 2 times (x 90B)
Class [Lorg.gradle.api.JavaVersion;                                                   : loaded 2 times (x 66B)
Class org.gradle.tooling.model.idea.IdeaDependencyScope                               : loaded 2 times (x 67B)
Class org.gradle.internal.time.TimeSource                                             : loaded 2 times (x 67B)
Class org.gradle.tooling.model.kotlin.dsl.KotlinDslScriptsModel                       : loaded 2 times (x 67B)
Class com.google.common.collect.MapMakerInternalMap$InternalEntry                     : loaded 2 times (x 67B)
Class com.google.common.reflect.Types$TypeVariableInvocationHandler                   : loaded 2 times (x 72B)
Class [Lcom.google.common.collect.HashBiMap$BiEntry;                                  : loaded 2 times (x 66B)
Class org.jetbrains.plugins.gradle.tooling.ModelBuilderService$ParameterizedModelBuilderService: loaded 2 times (x 67B)
Class org.jetbrains.plugins.gradle.tooling.builder.EarModelBuilderImpl                : loaded 2 times (x 83B)
Class com.android.builder.model.v2.ide.TestInfo                                       : loaded 2 times (x 67B)
Class org.gradle.tooling.internal.gradle.GradleBuildIdentity                          : loaded 2 times (x 67B)
Class kotlin.enums.EnumEntries                                                        : loaded 2 times (x 67B)
Class com.google.common.base.Predicates                                               : loaded 2 times (x 68B)
Class com.google.common.base.Equivalence                                              : loaded 2 times (x 79B)
Class org.jetbrains.kotlin.idea.gradleTooling.KotlinDslScriptTaskModelBuilder$Companion: loaded 2 times (x 68B)
Class com.intellij.gradle.toolingExtension.impl.javaModel.manifestModel.JavaGradleManifestModelBuilder: loaded 2 times (x 83B)
Class com.android.builder.model.v2.ide.JavaCompileOptions                             : loaded 2 times (x 67B)
Class org.gradle.tooling.internal.adapter.ProtocolToModelAdapter$MixInMappingAction   : loaded 2 times (x 77B)
Class org.gradle.internal.exceptions.ResolutionProvider                               : loaded 2 times (x 67B)
Class org.apache.commons.io.output.AbstractByteArrayOutputStream                      : loaded 2 times (x 99B)
Class com.google.common.collect.IndexedImmutableSet$1                                 : loaded 2 times (x 210B)
Class com.google.common.cache.CacheBuilder$OneWeigher                                 : loaded 2 times (x 79B)
Class org.jetbrains.kotlin.idea.gradleTooling.AndroidAwareGradleModelProvider$Result  : loaded 2 times (x 69B)
Class kotlin.text.MatchResult$DefaultImpls                                            : loaded 2 times (x 68B)
Class org.gradle.tooling.model.idea.IdeaCompilerOutput                                : loaded 2 times (x 67B)
Class org.gradle.tooling.model.ProjectIdentifier                                      : loaded 2 times (x 67B)
Class com.google.common.collect.Maps$EntryFunction                                    : loaded 2 times (x 88B)
Class com.google.common.reflect.Types$ClassOwnership$1LocalClass                      : loaded 2 times (x 68B)
Class org.gradle.internal.classloader.ClasspathUtil                                   : loaded 2 times (x 68B)
Class [Lcom.android.ide.gradle.model.builder.LegacyAndroidGradlePluginPropertiesModelBuilder$PluginType;: loaded 2 times (x 66B)
Class com.intellij.gradle.toolingExtension.impl.model.buildScriptClasspathModel.DefaultGradleBuildScriptClasspathModel: loaded 2 times (x 80B)
Class com.intellij.gradle.toolingExtension.impl.model.sourceSetDependencyModel.GradleSourceSetDependencyResolver: loaded 2 times (x 69B)
Class org.jetbrains.plugins.gradle.model.DefaultExternalProject                       : loaded 2 times (x 92B)
Class com.intellij.gradle.toolingExtension.impl.model.sourceSetDependencyModel.GradleSourceSetDependencyModelBuilder: loaded 2 times (x 83B)
Class com.android.builder.model.v2.ide.ComponentInfo                                  : loaded 2 times (x 67B)
Class kotlin.io.FileSystemException                                                   : loaded 2 times (x 79B)
Class com.android.builder.model.v2.ide.ProjectType                                    : loaded 2 times (x 76B)
Class com.google.common.collect.ComparisonChain                                       : loaded 2 times (x 77B)
Class com.google.common.base.Charsets                                                 : loaded 2 times (x 68B)
Class com.google.common.util.concurrent.Uninterruptibles                              : loaded 2 times (x 68B)
Class com.intellij.gradle.toolingExtension.impl.model.dependencyModel.auxiliary.LegacyAuxiliaryArtifactResolver: loaded 2 times (x 73B)
Class org.jetbrains.plugins.gradle.tooling.AbstractModelBuilderService                : loaded 2 times (x 83B)
Class org.gradle.internal.impldep.com.google.common.collect.ImmutableList             : loaded 2 times (x 203B)
Class sync_studio_tooling1_7e6hqtipb34ypdefxojfmxqfe                                  : loaded 2 times (x 176B)
Class kotlin.sequences.DistinctSequence                                               : loaded 2 times (x 72B)
Class com.android.builder.model.v2.dsl.BaseConfig                                     : loaded 2 times (x 67B)
Class org.gradle.internal.time.TimeSource$1                                           : loaded 2 times (x 74B)
Class kotlin.jvm.internal.DefaultConstructorMarker                                    : loaded 2 times (x 68B)
Class com.google.common.io.CharSource                                                 : loaded 2 times (x 82B)
Class com.google.common.collect.Maps                                                  : loaded 2 times (x 68B)
Class org.gradle.api.specs.Spec                                                       : loaded 2 times (x 67B)
Class org.jetbrains.kotlin.tooling.core.InternerImpl                                  : loaded 2 times (x 73B)
Class sync_studio_tooling_d4xmr6pngf9tpxv87sornrvx9                                   : loaded 2 times (x 176B)
Class org.apache.commons.io.file.PathFilter                                           : loaded 2 times (x 67B)
Class com.google.common.collect.MapMaker                                              : loaded 2 times (x 69B)
Class com.google.common.reflect.Types$JavaVersion                                     : loaded 2 times (x 80B)
Class org.jetbrains.plugins.gradle.tooling.builder.WarModelBuilderImpl                : loaded 2 times (x 83B)
Class com.intellij.gradle.toolingExtension.impl.modelBuilder.ExtraModelBuilder        : loaded 2 times (x 82B)
Class kotlin.jvm.internal.ArrayIterator                                               : loaded 2 times (x 76B)
Class com.google.common.cache.LocalCache$LoadingValueReference                        : loaded 2 times (x 93B)
Class com.intellij.gradle.toolingExtension.impl.model.buildScriptClasspathModel.GradleBuildScriptClasspathModelBuilder: loaded 2 times (x 83B)
Class kotlin.collections.EmptyIterator                                                : loaded 2 times (x 86B)
Class kotlin.text.StringsKt__RegexExtensionsKt                                        : loaded 2 times (x 68B)
Class org.gradle.internal.time.Clock                                                  : loaded 2 times (x 67B)
Class com.google.common.io.LineReader$1                                               : loaded 2 times (x 72B)
Class com.google.common.collect.CollectSpliterators                                   : loaded 2 times (x 68B)
Class com.google.common.collect.AbstractMapBasedMultimap$AsMap                        : loaded 2 times (x 125B)
Class com.google.common.collect.MapMakerInternalMap$StrongKeyDummyValueEntry          : loaded 2 times (x 79B)
Class com.google.common.reflect.Invokable$MethodInvokable                             : loaded 2 times (x 104B)
Class com.google.common.base.Platform                                                 : loaded 2 times (x 68B)
Class org.jetbrains.plugins.gradle.tooling.serialization.RepositoriesModelSerializationService$1: loaded 2 times (x 73B)
Class org.gradle.internal.impldep.com.google.common.collect.ImmutableCollection       : loaded 2 times (x 122B)
Class [Lcom.android.builder.model.v2.ide.TestInfo$Execution;                          : loaded 2 times (x 66B)
Class kotlin.io.FilePathComponents                                                    : loaded 2 times (x 69B)
Class com.android.builder.model.v2.dsl.ProductFlavor                                  : loaded 2 times (x 67B)
Class com.google.common.collect.CompoundOrdering                                      : loaded 2 times (x 112B)
Class kotlin.sequences.SequencesKt__SequencesJVMKt                                    : loaded 2 times (x 68B)
Class kotlin.coroutines.jvm.internal.RestrictedSuspendLambda                          : loaded 2 times (x 88B)
Class org.gradle.tooling.internal.adapter.TypeInspector                               : loaded 2 times (x 70B)
Class org.gradle.tooling.internal.adapter.ProtocolToModelAdapter$NoOpDecoration       : loaded 2 times (x 76B)
Class org.gradle.tooling.model.Element                                                : loaded 2 times (x 67B)
Class kotlin.collections.AbstractList                                                 : loaded 2 times (x 194B)
Class kotlin.collections.AbstractCollection                                           : loaded 2 times (x 114B)
Class [Lorg.objectweb.asm.AnnotationWriter;                                           : loaded 2 times (x 66B)
Class com.google.common.collect.AbstractMapBasedMultimap$WrappedList                  : loaded 2 times (x 202B)
Class com.google.common.collect.Maps$8                                                : loaded 2 times (x 79B)
Class com.android.ide.gradle.model.builder.GradlePropertiesModelBuilder               : loaded 2 times (x 72B)
Class org.jetbrains.kotlin.idea.gradleTooling.model.samWithReceiver.SamWithReceiverModelImpl: loaded 2 times (x 82B)
Class kotlin.text.StringsKt__StringBuilderJVMKt                                       : loaded 2 times (x 68B)
Class kotlin.text.Regex                                                               : loaded 2 times (x 69B)
Class kotlin.sequences.SequencesKt__SequenceBuilderKt$sequence$$inlined$Sequence$1    : loaded 2 times (x 72B)
Class com.google.common.base.Predicates$CompositionPredicate                          : loaded 2 times (x 85B)
Class [Lcom.google.common.collect.Iterators$EmptyModifiableIterator;                  : loaded 2 times (x 66B)
Class com.google.common.collect.Sets$SetView                                          : loaded 2 times (x 135B)
Class com.google.common.cache.LocalCache$StrongValueReference                         : loaded 2 times (x 87B)
Class com.google.common.util.concurrent.AbstractFuture$SynchronizedHelper             : loaded 2 times (x 75B)
Class org.jetbrains.plugins.gradle.model.DefaultUnresolvedExternalDependency          : loaded 2 times (x 108B)
Class org.gradle.tooling.model.internal.ImmutableDomainObjectSet                      : loaded 2 times (x 152B)
Class com.google.common.graph.SuccessorsFunction                                      : loaded 2 times (x 67B)
Class org.objectweb.asm.Type                                                          : loaded 2 times (x 69B)
Class org.gradle.internal.classloader.VisitableURLClassLoader$InstrumentingVisitableURLClassLoader: loaded 2 times (x 120B)
Class kotlin.comparisons.ComparisonsKt__ComparisonsKt                                 : loaded 2 times (x 68B)
Class [Lcom.android.builder.model.v2.ide.AndroidGradlePluginProjectFlags$BooleanFlag; : loaded 2 times (x 66B)
Class com.android.builder.model.v2.ide.AndroidGradlePluginProjectFlags                : loaded 2 times (x 67B)
Class com.android.builder.model.v2.ide.BasicVariant                                   : loaded 2 times (x 67B)
Class kotlin.ranges.RangesKt__RangesKt                                                : loaded 2 times (x 68B)
Class kotlin.collections.SetsKt___SetsKt                                              : loaded 2 times (x 68B)
Class kotlin.sequences.SequencesKt__SequencesKt                                       : loaded 2 times (x 68B)
Class kotlin.coroutines.Continuation                                                  : loaded 2 times (x 67B)
Class org.apache.commons.io.FileUtils                                                 : loaded 2 times (x 68B)
Class com.google.common.collect.MapMakerInternalMap$StrongKeyDummyValueEntry$Helper   : loaded 2 times (x 76B)
Class com.google.common.io.Files$FileByteSink                                         : loaded 2 times (x 74B)
Class org.objectweb.asm.ByteVector                                                    : loaded 2 times (x 76B)
Class [Lcom.google.common.cache.CacheBuilder$NullListener;                            : loaded 2 times (x 66B)
Class com.google.common.math.IntMath$1                                                : loaded 2 times (x 68B)
Class org.gradle.internal.classloader.VisitableURLClassLoader$Spec                    : loaded 2 times (x 71B)
Class org.gradle.internal.classpath.DefaultClassPath                                  : loaded 2 times (x 87B)
Class org.jetbrains.plugins.gradle.tooling.util.BooleanBiFunction                     : loaded 2 times (x 67B)
Class com.intellij.gradle.toolingExtension.impl.model.sourceSetArtifactIndex.GradleSourceSetArtifactIndex: loaded 2 times (x 75B)
Class org.jetbrains.kotlin.idea.gradleTooling.KotlinMPPGradleModelBinary              : loaded 2 times (x 67B)
Class com.intellij.openapi.externalSystem.model.project.dependencies.ArtifactDependencyNode: loaded 2 times (x 67B)
Class org.gradle.internal.impldep.com.google.common.collect.Iterators$MergingIterator : loaded 2 times (x 78B)
Class kotlin.text.CharsKt__CharJVMKt                                                  : loaded 2 times (x 68B)
Class kotlin.sequences.FilteringSequence                                              : loaded 2 times (x 72B)
Class kotlin.comparisons.ComparisonsKt                                                : loaded 2 times (x 68B)
Class kotlin.comparisons.ComparisonsKt___ComparisonsKt                                : loaded 2 times (x 68B)
Class com.android.builder.model.v2.ide.BundleInfo                                     : loaded 2 times (x 67B)
Class com.android.builder.model.v2.ide.SourceProvider                                 : loaded 2 times (x 67B)
Class kotlin.coroutines.jvm.internal.BaseContinuationImpl                             : loaded 2 times (x 84B)
Class kotlin.Result$Companion                                                         : loaded 2 times (x 68B)
Class org.gradle.util.internal.DefaultGradleVersion                                   : loaded 2 times (x 81B)
Class com.google.common.reflect.Types$ClassOwnership                                  : loaded 2 times (x 77B)
Class org.objectweb.asm.Symbol                                                        : loaded 2 times (x 70B)
Class com.google.common.base.AbstractIterator                                         : loaded 2 times (x 77B)
Class org.jetbrains.kotlin.idea.gradleTooling.KotlinDslScriptTaskModelBuilder         : loaded 2 times (x 83B)
Class org.gradle.internal.impldep.com.google.common.collect.Lists                     : loaded 2 times (x 68B)
Class com.google.common.collect.Sets$FilteredSet                                      : loaded 2 times (x 134B)
Class com.google.common.io.Java8Compatibility                                         : loaded 2 times (x 68B)
Class com.google.common.io.Closer                                                     : loaded 2 times (x 75B)
Class org.gradle.internal.classloader.ClassLoaderSpec                                 : loaded 2 times (x 68B)
Class org.jetbrains.plugins.gradle.model.DefaultExternalProjectDependency             : loaded 2 times (x 117B)
Class org.jetbrains.kotlin.tooling.core.InternerKt                                    : loaded 2 times (x 68B)
Class org.jetbrains.plugins.gradle.tooling.builder.IntelliJProjectSettingsBuilder     : loaded 2 times (x 75B)
Class kotlin.jvm.internal.FunctionReferenceImpl                                       : loaded 2 times (x 119B)
Class kotlin.collections.CollectionsKt___CollectionsJvmKt                             : loaded 2 times (x 68B)
Class com.google.common.io.ByteSource$EmptyByteSource                                 : loaded 2 times (x 82B)
Class org.objectweb.asm.AnnotationWriter                                              : loaded 2 times (x 76B)
Class com.google.common.cache.CacheStats                                              : loaded 2 times (x 68B)
Class com.intellij.gradle.toolingExtension.impl.model.resourceFilterModel.GradleResourceFilterModelBuilder: loaded 2 times (x 68B)
Class org.jetbrains.kotlin.idea.gradleTooling.KotlinGradleModelBuilder                : loaded 2 times (x 83B)
Class [Lcom.android.builder.model.v2.ide.ProjectType;                                 : loaded 2 times (x 66B)
Class kotlin.TuplesKt                                                                 : loaded 2 times (x 68B)
Class kotlin.jvm.internal.markers.KMutableIterable                                    : loaded 2 times (x 67B)
Class kotlin.sequences.SequencesKt___SequencesJvmKt                                   : loaded 2 times (x 68B)
Class org.gradle.tooling.internal.adapter.ProtocolToModelAdapter$DefaultViewBuilder   : loaded 2 times (x 77B)
Class kotlin.Unit                                                                     : loaded 2 times (x 68B)
Class com.google.common.collect.Interners                                             : loaded 2 times (x 68B)
Class com.google.common.io.Closer$Suppressor                                          : loaded 2 times (x 67B)
Class com.google.common.io.LineProcessor                                              : loaded 2 times (x 67B)
Class com.google.common.collect.ImmutableMultisetGwtSerializationDependencies         : loaded 2 times (x 122B)
Class org.objectweb.asm.RecordComponentWriter                                         : loaded 2 times (x 75B)
Class com.google.common.util.concurrent.AbstractFuture$Listener                       : loaded 2 times (x 69B)
Class Settings_gradle$1$1                                                             : loaded 2 times (x 71B)
Class com.android.ide.gradle.model.composites.BuildMapModelBuilder                    : loaded 2 times (x 72B)
Class com.intellij.gradle.toolingExtension.impl.model.warmUp.GradleTaskWarmUpService  : loaded 2 times (x 83B)
Class com.intellij.gradle.toolingExtension.impl.modelBuilder.DefaultModelBuilderContext: loaded 2 times (x 74B)
Class com.android.ide.common.gradle.Version$Companion$ParseState                      : loaded 2 times (x 67B)
Class [Lcom.android.builder.model.v2.ide.AaptOptions$Namespacing;                     : loaded 2 times (x 66B)
Class kotlin.ranges.RangesKt                                                          : loaded 2 times (x 68B)
Class org.gradle.tooling.internal.adapter.ProtocolToModelAdapter$ViewGraphDetails$1   : loaded 2 times (x 74B)
Class org.objectweb.asm.Attribute                                                     : loaded 2 times (x 74B)
Class com.google.common.base.Supplier                                                 : loaded 2 times (x 67B)
Class org.gradle.internal.classloader.VisitableURLClassLoader                         : loaded 2 times (x 114B)
Class org.jetbrains.kotlin.idea.gradleTooling.model.allopen.AllOpenModelBuilderService: loaded 2 times (x 82B)
Class com.android.ide.common.repository.AgpVersion$Companion                          : loaded 2 times (x 68B)
Class kotlin.collections.ArraysUtilJVM                                                : loaded 2 times (x 68B)
Class kotlin.sequences.FlatteningSequence$iterator$1                                  : loaded 2 times (x 76B)
Class kotlin.jvm.functions.Function0                                                  : loaded 2 times (x 67B)
Class org.gradle.tooling.model.idea.IdeaDependency                                    : loaded 2 times (x 67B)
Class com.google.common.io.CharSource$AsByteSource                                    : loaded 2 times (x 82B)
Class com.google.common.util.concurrent.AbstractFuture$Waiter                         : loaded 2 times (x 69B)
Class Settings_gradle                                                                 : loaded 2 times (x 125B)
Class com.intellij.gradle.toolingExtension.impl.model.dependencyModel.GradleDependencyResolver$1: loaded 2 times (x 73B)
Class org.jetbrains.kotlin.idea.gradleTooling.PrepareKotlinIdeaImportTaskModelBuilder : loaded 2 times (x 83B)
Class org.gradle.internal.impldep.com.google.common.collect.Lists$StringAsImmutableList: loaded 2 times (x 204B)
Class com.android.ide.common.gradle.Version$Companion                                 : loaded 2 times (x 68B)
Class [Lcom.android.builder.model.v2.ide.BytecodeTransformation;                      : loaded 2 times (x 66B)
Class com.android.builder.model.v2.ide.AaptOptions                                    : loaded 2 times (x 67B)
Class kotlin.collections.AbstractMutableList                                          : loaded 2 times (x 203B)
Class kotlin.jvm.functions.Function1                                                  : loaded 2 times (x 67B)
Class com.google.common.collect.MapMakerInternalMap                                   : loaded 2 times (x 158B)
Class com.google.common.collect.HashBiMap                                             : loaded 2 times (x 140B)
Class com.google.common.base.Strings                                                  : loaded 2 times (x 68B)
Class com.google.common.collect.Sets                                                  : loaded 2 times (x 68B)
Class org.objectweb.asm.Handler                                                       : loaded 2 times (x 69B)
Class com.google.common.base.Ticker                                                   : loaded 2 times (x 69B)
Class org.jetbrains.plugins.gradle.model.DefaultExternalTask                          : loaded 2 times (x 80B)
Class org.jetbrains.plugins.gradle.tooling.builder.WarModelBuilderImplKt              : loaded 2 times (x 68B)
Class com.android.builder.model.v2.models.ndk.NativeModelBuilderParameter             : loaded 2 times (x 67B)
Class kotlin.KotlinNothingValueException                                              : loaded 2 times (x 79B)
Class kotlin.jvm.functions.Function2                                                  : loaded 2 times (x 67B)
Class com.google.common.cache.RemovalCause$1                                          : loaded 2 times (x 77B)
Class [Lcom.google.common.cache.LocalCache$Segment;                                   : loaded 2 times (x 66B)
Class [Lcom.google.common.cache.LocalCache$Strength;                                  : loaded 2 times (x 66B)
Class com.google.common.cache.CacheBuilder$1                                          : loaded 2 times (x 82B)
Class org.gradle.internal.classpath.DefaultClassPath$ImmutableUniqueList$Builder      : loaded 2 times (x 72B)
Class org.jetbrains.plugins.gradle.tooling.internal.ClasspathEntryModelImpl           : loaded 2 times (x 77B)
Class kotlin.collections.MapsKt___MapsJvmKt                                           : loaded 2 times (x 68B)
Class org.gradle.tooling.internal.adapter.WeakIdentityHashMap$AbsentValueProvider     : loaded 2 times (x 67B)
Class com.google.common.cache.RemovalCause$2                                          : loaded 2 times (x 77B)
Class com.google.common.collect.MapMakerInternalMap$WeakValueReference                : loaded 2 times (x 67B)
Class com.google.common.cache.LocalCache                                              : loaded 2 times (x 184B)
Class com.google.common.cache.CacheBuilder$2                                          : loaded 2 times (x 76B)
Class com.intellij.gradle.toolingExtension.impl.model.buildScriptClasspathModel.GradleBuildScriptClasspathCache: loaded 2 times (x 72B)
Class com.intellij.openapi.externalSystem.model.project.dependencies.ProjectDependenciesImpl: loaded 2 times (x 74B)
Class kotlin.jvm.functions.Function4                                                  : loaded 2 times (x 67B)
Class kotlin.collections.EmptySet                                                     : loaded 2 times (x 119B)
Class kotlin.collections.CollectionsKt___CollectionsKt                                : loaded 2 times (x 68B)
Class kotlin.annotation.Target                                                        : loaded 2 times (x 67B)
Class org.gradle.internal.exceptions.NonGradleCauseExceptionsHolder                   : loaded 2 times (x 67B)
Class org.gradle.tooling.model.idea.IdeaModuleDependency                              : loaded 2 times (x 67B)
Class org.gradle.tooling.internal.adapter.ViewBuilder                                 : loaded 2 times (x 67B)
Class com.google.common.cache.RemovalCause$3                                          : loaded 2 times (x 77B)
Class com.google.common.collect.ArrayListMultimap                                     : loaded 2 times (x 169B)
Class com.google.common.cache.CacheBuilder$3                                          : loaded 2 times (x 69B)
Class org.jetbrains.kotlin.idea.gradleTooling.model.kapt.KaptGradleModelImpl          : loaded 2 times (x 74B)
Class org.jetbrains.plugins.gradle.tooling.util.BiFunction                            : loaded 2 times (x 67B)
Class org.jetbrains.plugins.gradle.model.AbstractExternalDependency                   : loaded 2 times (x 103B)
Class org.jetbrains.kotlin.idea.gradleTooling.PrepareKotlinIdeaImportTaskModelBuilder$Messages: loaded 2 times (x 68B)
Class com.intellij.gradle.toolingExtension.impl.model.dependencyGraphModel.GradleDependencyReportGenerator: loaded 2 times (x 70B)
Class com.android.ide.common.gradle.Version                                           : loaded 2 times (x 72B)
Class com.android.builder.model.v2.ide.AndroidLibraryData                             : loaded 2 times (x 67B)
Class kotlin.text.StringsKt___StringsJvmKt                                            : loaded 2 times (x 68B)
Class com.android.builder.model.v2.ide.ApiVersion                                     : loaded 2 times (x 67B)
Class kotlin.reflect.KDeclarationContainer                                            : loaded 2 times (x 67B)
Class kotlin.annotation.Retention                                                     : loaded 2 times (x 67B)
Class com.google.common.cache.RemovalCause$4                                          : loaded 2 times (x 77B)
Class com.google.common.io.CharSource$EmptyCharSource                                 : loaded 2 times (x 83B)
Class org.apache.commons.io.StandardLineSeparator                                     : loaded 2 times (x 76B)
Class com.google.common.base.Suppliers$MemoizingSupplier                              : loaded 2 times (x 76B)
Class com.google.common.collect.CollectPreconditions                                  : loaded 2 times (x 68B)
Class org.jetbrains.plugins.gradle.model.ModelFactory                                 : loaded 2 times (x 68B)
Class org.jetbrains.plugins.gradle.tooling.serialization.ToolingStreamApiUtilsKt      : loaded 2 times (x 68B)
Class org.jetbrains.plugins.gradle.tooling.ModelBuilderContext$DataProvider           : loaded 2 times (x 67B)
Class org.gradle.internal.impldep.com.google.common.collect.AbstractIndexedListIterator: loaded 2 times (x 93B)
Class kotlin.io.FilesKt                                                               : loaded 2 times (x 68B)
Class com.android.builder.model.v2.models.Versions$Version                            : loaded 2 times (x 67B)
Class kotlin.collections.MapsKt___MapsKt                                              : loaded 2 times (x 68B)
Class kotlin.collections.ArraysKt___ArraysKt                                          : loaded 2 times (x 68B)
Class com.google.common.cache.RemovalCause$5                                          : loaded 2 times (x 77B)
Class com.google.common.collect.Maps$AbstractFilteredMap                              : loaded 2 times (x 124B)
Class [Lcom.google.common.collect.MapMakerInternalMap$Strength;                       : loaded 2 times (x 66B)
Class [Lcom.google.common.io.FileWriteMode;                                           : loaded 2 times (x 66B)
Class com.google.common.collect.SortedMapDifference                                   : loaded 2 times (x 67B)
Class [Lcom.intellij.openapi.externalSystem.model.project.IExternalSystemSourceType;  : loaded 2 times (x 66B)
Class kotlin.collections.MapsKt__MapWithDefaultKt                                     : loaded 2 times (x 68B)
Class org.gradle.tooling.internal.adapter.ProtocolToModelAdapter$ReflectionMethodInvoker: loaded 2 times (x 73B)
Class com.google.common.collect.Iterables$4                                           : loaded 2 times (x 78B)
Class com.google.common.collect.MapMakerInternalMap$StrongKeyDummyValueSegment        : loaded 2 times (x 139B)
Class com.google.common.io.Files                                                      : loaded 2 times (x 68B)
Class com.google.common.cache.LocalCache$WriteThroughEntry                            : loaded 2 times (x 76B)
Class com.google.common.cache.LocalCache$HashIterator                                 : loaded 2 times (x 83B)
Class com.google.common.cache.LocalCache$EntryFactory                                 : loaded 2 times (x 80B)
Class com.intellij.openapi.externalSystem.model.project.dependencies.ComponentDependencies: loaded 2 times (x 67B)
Class org.jetbrains.plugins.gradle.tooling.ModelBuilderService$Ex                     : loaded 2 times (x 67B)
Class [Lcom.android.ide.common.gradle.Separator;                                      : loaded 2 times (x 66B)
Class kotlin.text.StringsKt___StringsKt                                               : loaded 2 times (x 68B)
Class com.google.common.collect.NullsLastOrdering                                     : loaded 2 times (x 112B)
Class kotlin.collections.CollectionsKt__MutableCollectionsJVMKt                       : loaded 2 times (x 68B)
Class kotlin.enums.EnumEntriesKt                                                      : loaded 2 times (x 68B)
Class com.google.common.collect.Iterables$5                                           : loaded 2 times (x 78B)
Class [Lcom.google.common.collect.MapMaker$Dummy;                                     : loaded 2 times (x 66B)
Class com.google.common.base.CharMatcher$Whitespace                                   : loaded 2 times (x 109B)
Class com.google.common.reflect.Types$NativeTypeVariableEquals                        : loaded 2 times (x 68B)
Class com.google.common.reflect.TypeParameter                                         : loaded 2 times (x 69B)
Class com.google.common.cache.LocalCache$AbstractReferenceEntry                       : loaded 2 times (x 104B)
Class com.google.common.base.Splitter$1$1                                             : loaded 2 times (x 83B)
Class com.intellij.gradle.toolingExtension.impl.util.GradleTaskUtil                   : loaded 2 times (x 68B)
Class org.jetbrains.plugins.gradle.model.web.WebConfiguration                         : loaded 2 times (x 67B)
Class com.android.builder.model.v2.models.VariantDependencies                         : loaded 2 times (x 67B)
Class com.google.common.collect.ImmutableMapKeySet                                    : loaded 2 times (x 149B)
Class org.objectweb.asm.SymbolTable                                                   : loaded 2 times (x 69B)
Class com.google.common.cache.CacheLoader$InvalidCacheLoadException                   : loaded 2 times (x 79B)
Class org.gradle.internal.classloader.SystemClassLoaderSpec                           : loaded 2 times (x 68B)
Class org.jetbrains.plugins.gradle.tooling.internal.VersionCatalogsModelImpl          : loaded 2 times (x 73B)
Class com.intellij.gradle.toolingExtension.impl.model.taskModel.DefaultGradleTaskModel: loaded 2 times (x 72B)
Class JetGradlePlugin$findJetModelBuilder$0                                           : loaded 2 times (x 143B)
Class kotlin.ranges.IntRange$Companion                                                : loaded 2 times (x 68B)
Class com.android.builder.model.v2.ide.TestedTargetVariant                            : loaded 2 times (x 67B)
Class kotlin.text.MatcherMatchResult$groups$1                                         : loaded 2 times (x 148B)
Class kotlin.collections.EmptyMap                                                     : loaded 2 times (x 106B)
Class kotlin.reflect.KAnnotatedElement                                                : loaded 2 times (x 67B)
Class kotlin.jvm.internal.markers.KMutableCollection                                  : loaded 2 times (x 67B)
Class kotlin.coroutines.intrinsics.IntrinsicsKt                                       : loaded 2 times (x 68B)
Class org.gradle.internal.exceptions.MultiCauseException                              : loaded 2 times (x 67B)
Class org.gradle.internal.time.CountdownTimer                                         : loaded 2 times (x 67B)
Class kotlin.jvm.internal.Intrinsics                                                  : loaded 2 times (x 68B)
Class com.google.common.collect.FluentIterable                                        : loaded 2 times (x 78B)
Class com.google.common.cache.LocalCache$StrongEntry                                  : loaded 2 times (x 105B)
Class com.google.common.util.concurrent.AbstractFuture$TrustedFuture                  : loaded 2 times (x 111B)
Class com.google.common.cache.LoadingCache                                            : loaded 2 times (x 67B)
Class com.intellij.gradle.toolingExtension.impl.model.sourceSetModel.GradleSourceSetModelBuilder$1: loaded 2 times (x 80B)
Class org.jetbrains.plugins.gradle.tooling.builder.AnnotationProcessingModelBuilder   : loaded 2 times (x 83B)
Class kotlin.sequences.SequencesKt__SequencesKt$flatten$1                             : loaded 2 times (x 75B)
Class kotlin.collections.MapsKt                                                       : loaded 2 times (x 68B)
Class kotlin.collections.CollectionsKt__IterablesKt                                   : loaded 2 times (x 68B)
Class kotlin.coroutines.intrinsics.CoroutineSingletons                                : loaded 2 times (x 76B)
Class org.gradle.tooling.model.ProjectModel                                           : loaded 2 times (x 67B)
Class com.google.common.io.ByteStreams$LimitedInputStream                             : loaded 2 times (x 89B)
Class com.google.common.base.Suppliers$NonSerializableMemoizingSupplier               : loaded 2 times (x 76B)
Class org.objectweb.asm.MethodWriter                                                  : loaded 2 times (x 103B)
Class [Lcom.google.common.cache.Weigher;                                              : loaded 2 times (x 66B)
Class com.intellij.gradle.toolingExtension.impl.model.sourceSetModel.GradleSourceSetModelBuilder$2: loaded 2 times (x 80B)
Class org.jetbrains.plugins.gradle.tooling.MessageReportBuilder                       : loaded 2 times (x 67B)
Class com.android.ide.common.gradle.Version$Companion$ParseState$EMPTY                : loaded 2 times (x 71B)
Class kotlin.ranges.OpenEndRange                                                      : loaded 2 times (x 67B)
Class kotlin.sequences.SequenceBuilderIterator                                        : loaded 2 times (x 82B)
Class kotlin.KotlinNullPointerException                                               : loaded 2 times (x 80B)
Class com.google.common.collect.AbstractMapBasedMultimap$RandomAccessWrappedList      : loaded 2 times (x 202B)
Class com.google.common.collect.ImmutableMultimap$1                                   : loaded 2 times (x 79B)
Class com.intellij.gradle.toolingExtension.impl.model.sourceSetModel.GradleSourceSetModelBuilder$3: loaded 2 times (x 80B)
Class kotlin.sequences.SequencesKt__SequencesKt$flatten$3                             : loaded 2 times (x 75B)
Class com.android.ide.common.repository.AgpVersion$Companion$WhenMappings             : loaded 2 times (x 68B)
Class kotlin.ranges.RangesKt___RangesKt                                               : loaded 2 times (x 68B)
Class org.gradle.tooling.model.idea.IdeaLanguageLevel                                 : loaded 2 times (x 67B)
Class org.gradle.tooling.internal.adapter.ProtocolToModelAdapter$SafeMethodInvoker    : loaded 2 times (x 73B)
Class org.gradle.tooling.internal.adapter.WeakIdentityHashMap$WeakKey                 : loaded 2 times (x 76B)
Class org.gradle.internal.exceptions.DefaultMultiCauseException                       : loaded 2 times (x 92B)
Class com.google.common.collect.AbstractIterator$State                                : loaded 2 times (x 76B)
Class com.google.common.collect.ImmutableMultimap$2                                   : loaded 2 times (x 78B)
Class com.google.common.reflect.Types$JavaVersion$1                                   : loaded 2 times (x 80B)
Class com.google.common.collect.RegularImmutableBiMap                                 : loaded 2 times (x 146B)
Class com.google.common.cache.LocalCache$ValueReference                               : loaded 2 times (x 67B)
Class kotlin.text.CharsKt__CharKt                                                     : loaded 2 times (x 68B)
Class com.android.builder.model.v2.ide.ProjectInfo                                    : loaded 2 times (x 67B)
Class kotlin.collections.ArraysKt                                                     : loaded 2 times (x 68B)
Class kotlin.collections.ArrayDeque$Companion                                         : loaded 2 times (x 68B)
Class org.gradle.tooling.model.HierarchicalElement                                    : loaded 2 times (x 67B)
Class com.google.common.hash.PrimitiveSink                                            : loaded 2 times (x 67B)
Class com.google.common.reflect.Types$JavaVersion$2                                   : loaded 2 times (x 80B)
Class com.google.common.reflect.Types                                                 : loaded 2 times (x 68B)
Class com.google.common.base.PatternCompiler                                          : loaded 2 times (x 67B)
Class com.google.common.util.concurrent.AbstractFuture$Failure                        : loaded 2 times (x 69B)
Class com.google.common.base.Equivalence$Equals                                       : loaded 2 times (x 79B)
Class com.google.common.collect.Hashing                                               : loaded 2 times (x 68B)
Class com.android.ide.gradle.model.builder.LegacyAndroidGradlePluginPropertiesModelBuilder$Companion: loaded 2 times (x 68B)
Class com.intellij.gradle.toolingExtension.impl.model.dependencyModel.auxiliary.AuxiliaryConfigurationArtifacts: loaded 2 times (x 71B)
Class org.jetbrains.plugins.gradle.model.DefaultGradleConfiguration                   : loaded 2 times (x 76B)
Class com.android.builder.model.v2.dsl.DependenciesInfo                               : loaded 2 times (x 67B)
Class com.google.common.collect.ByFunctionOrdering                                    : loaded 2 times (x 112B)
Class kotlin.collections.SetsKt__SetsKt                                               : loaded 2 times (x 68B)
Class kotlin.coroutines.EmptyCoroutineContext                                         : loaded 2 times (x 74B)
Class org.gradle.internal.time.Time                                                   : loaded 2 times (x 68B)
Class [Lorg.apache.commons.io.file.DeleteOption;                                      : loaded 2 times (x 66B)
Class com.google.common.io.CharSink                                                   : loaded 2 times (x 76B)
Class com.google.common.reflect.Types$JavaVersion$3                                   : loaded 2 times (x 80B)
Class org.objectweb.asm.Label                                                         : loaded 2 times (x 70B)
Class org.objectweb.asm.CurrentFrame                                                  : loaded 2 times (x 70B)
Class org.objectweb.asm.ClassTooLargeException                                        : loaded 2 times (x 80B)
Class org.jetbrains.plugins.gradle.model.tests.DefaultExternalTestsModel              : loaded 2 times (x 74B)
Class org.jetbrains.kotlin.idea.gradleTooling.model.parcelize.ParcelizeModelBuilderService: loaded 2 times (x 78B)
Class JetGradlePlugin                                                                 : loaded 2 times (x 93B)
Class com.android.ide.common.gradle.Version$Companion$ParseState$NUMERIC              : loaded 2 times (x 71B)
Class com.android.ide.common.repository.AgpVersion$PreviewKind                        : loaded 2 times (x 76B)
Class com.android.builder.model.v2.models.ProjectGraph                                : loaded 2 times (x 67B)
Class kotlin.collections.ArraysKt__ArraysJVMKt                                        : loaded 2 times (x 68B)
Class com.google.common.io.ByteSource$AsCharSource                                    : loaded 2 times (x 83B)
Class com.google.common.collect.MapMakerInternalMap$InternalEntryHelper               : loaded 2 times (x 67B)
Class com.google.common.collect.Table                                                 : loaded 2 times (x 67B)
Class com.google.common.reflect.Types$JavaVersion$4                                   : loaded 2 times (x 80B)
Class com.google.common.collect.Maps$IteratorBasedAbstractMap                         : loaded 2 times (x 122B)
Class org.objectweb.asm.Frame                                                         : loaded 2 times (x 70B)
Class org.objectweb.asm.MethodVisitor                                                 : loaded 2 times (x 102B)
Class com.google.common.cache.LocalCache$EntryFactory$1                               : loaded 2 times (x 80B)
Class [Lcom.google.common.cache.RemovalListener;                                      : loaded 2 times (x 66B)
Class org.jetbrains.kotlin.idea.gradleTooling.OrphanSourceSetImportingChecker         : loaded 2 times (x 71B)
Class kotlin.text.StringsKt__StringBuilderKt                                          : loaded 2 times (x 68B)
Class kotlin.jvm.internal.CallableReference$NoReceiver                                : loaded 2 times (x 68B)
Class com.google.common.cache.LocalCache$WeakValueReference                           : loaded 2 times (x 94B)
Class com.google.common.reflect.Types$JavaVersion$5                                   : loaded 2 times (x 68B)
Class [Lcom.google.common.reflect.Types$ClassOwnership;                               : loaded 2 times (x 66B)
Class com.google.common.cache.LocalCache$EntryFactory$2                               : loaded 2 times (x 80B)
Class org.gradle.api.internal.classpath.GlobalCacheRootsProvider                      : loaded 2 times (x 67B)
Class org.gradle.internal.impldep.com.google.common.base.Objects                      : loaded 2 times (x 68B)
Class org.jetbrains.kotlin.idea.gradleTooling.model.lombok.LombokModelBuilderService  : loaded 2 times (x 84B)
Class kotlin.NoWhenBranchMatchedException                                             : loaded 2 times (x 79B)
Class org.gradle.tooling.model.BuildIdentifier                                        : loaded 2 times (x 67B)
Class com.google.common.collect.CollectCollectors                                     : loaded 2 times (x 68B)
Class org.objectweb.asm.ModuleWriter                                                  : loaded 2 times (x 79B)
Class com.google.common.cache.LocalCache$EntryFactory$3                               : loaded 2 times (x 80B)
Class com.google.common.base.Ticker$1                                                 : loaded 2 times (x 69B)
Class com.google.common.collect.Maps$BiMapConverter                                   : loaded 2 times (x 87B)
Class com.android.builder.model.v2.ide.VectorDrawablesOptions                         : loaded 2 times (x 67B)
Class com.google.common.collect.CollectSpliterators$1                                 : loaded 2 times (x 87B)
Class com.google.common.cache.LocalCache$EntryFactory$4                               : loaded 2 times (x 80B)
Class com.intellij.gradle.toolingExtension.impl.model.dependencyModel.GradleDependencyTraverser: loaded 2 times (x 77B)
Class com.intellij.gradle.toolingExtension.impl.model.sourceSetDependencyModel.DefaultGradleSourceSetDependencyModel: loaded 2 times (x 74B)
Class org.jetbrains.kotlin.idea.gradleTooling.AbstractKotlinGradleModelBuilder$Companion: loaded 2 times (x 68B)
Class com.android.builder.model.v2.ide.Edge                                           : loaded 2 times (x 67B)
Class com.google.common.collect.ReverseOrdering                                       : loaded 2 times (x 112B)
Class com.android.builder.model.v2.models.VariantDependenciesFlatList                 : loaded 2 times (x 67B)
Class org.gradle.tooling.model.build.JavaEnvironment                                  : loaded 2 times (x 67B)
Class com.google.common.io.ByteStreams$1                                              : loaded 2 times (x 82B)
Class com.google.common.cache.LocalCache$EntryFactory$5                               : loaded 2 times (x 80B)
Class com.android.builder.model.v2.ide.SourceSetContainer                             : loaded 2 times (x 67B)
Class org.gradle.internal.time.Timer                                                  : loaded 2 times (x 67B)
Class kotlin.jvm.internal.markers.KMappedMarker                                       : loaded 2 times (x 67B)
Class org.apache.commons.io.output.AppendableWriter                                   : loaded 2 times (x 97B)
Class com.google.common.cache.LocalCache$EntryFactory$6                               : loaded 2 times (x 80B)
Class org.gradle.internal.installation.CurrentGradleInstallationLocator               : loaded 2 times (x 68B)
Class com.android.ide.gradle.model.impl.GradlePluginModelImpl                         : loaded 2 times (x 72B)
Class com.android.builder.model.v2.ide.LintOptions                                    : loaded 2 times (x 67B)
Class org.gradle.tooling.internal.adapter.ProtocolToModelAdapter$ViewGraphDetails     : loaded 2 times (x 69B)
Class org.gradle.tooling.model.idea.IdeaProject                                       : loaded 2 times (x 67B)
Class org.gradle.tooling.model.DomainObjectSet                                        : loaded 2 times (x 67B)
Class org.apache.commons.io.output.ThresholdingOutputStream                           : loaded 2 times (x 92B)
Class com.google.common.io.ByteSource$SlicedByteSource                                : loaded 2 times (x 82B)
Class com.google.common.collect.ImmutableMultimap$Builder                             : loaded 2 times (x 83B)
Class com.google.common.collect.Maps$KeySet                                           : loaded 2 times (x 134B)
Class com.google.common.cache.LocalCache$EntryFactory$7                               : loaded 2 times (x 80B)
Class com.google.common.collect.ImmutableSet$EmptySetBuilderImpl                      : loaded 2 times (x 73B)
Class org.gradle.internal.service.DefaultServiceLocator                               : loaded 2 times (x 80B)
Class org.jetbrains.plugins.gradle.tooling.builder.ScalaModelBuilderImpl              : loaded 2 times (x 78B)
Class org.jetbrains.plugins.gradle.tooling.ModelBuilderContext                        : loaded 2 times (x 67B)
Class com.android.builder.model.v2.ide.BasicArtifact                                  : loaded 2 times (x 67B)
Class com.google.common.collect.ComparisonChain$InactiveComparisonChain               : loaded 2 times (x 77B)
Class kotlin.coroutines.jvm.internal.SuspendFunction                                  : loaded 2 times (x 67B)
Class org.gradle.util.GradleVersion                                                   : loaded 2 times (x 80B)
Class com.google.common.cache.LocalCache$SoftValueReference                           : loaded 2 times (x 94B)
Class com.google.common.collect.Maps$EntrySet                                         : loaded 2 times (x 133B)
Class com.google.common.collect.ImmutableMultimap$EntryCollection                     : loaded 2 times (x 125B)
Class com.google.common.cache.LocalCache$EntryFactory$8                               : loaded 2 times (x 80B)
Class org.gradle.internal.installation.CurrentGradleInstallation                      : loaded 2 times (x 70B)
Class org.jetbrains.plugins.gradle.model.scala.ScalaModel                             : loaded 2 times (x 67B)
Class com.intellij.openapi.externalSystem.model.project.dependencies.ProjectDependencyNodeImpl: loaded 2 times (x 90B)
Class kotlin.jvm.internal.Ref$BooleanRef                                              : loaded 2 times (x 68B)
Class kotlin.jvm.internal.StringCompanionObject                                       : loaded 2 times (x 68B)
Class kotlin.coroutines.intrinsics.IntrinsicsKt__IntrinsicsJvmKt                      : loaded 2 times (x 68B)
Class kotlin.coroutines.jvm.internal.CoroutineStackFrame                              : loaded 2 times (x 67B)
Class org.gradle.tooling.internal.adapter.ProtocolToModelAdapter$MethodInvocationCache$MethodInvocationKey: loaded 2 times (x 70B)
Class com.google.common.cache.CacheLoader$1                                           : loaded 2 times (x 72B)
Class org.gradle.util.internal.GUtil                                                  : loaded 2 times (x 68B)
Class org.jetbrains.plugins.gradle.model.DefaultGradleExtensions                      : loaded 2 times (x 85B)
Class com.intellij.gradle.toolingExtension.impl.model.dependencyDownloadPolicyModel.DefaultGradleDependencyDownloadPolicy: loaded 2 times (x 74B)
Class org.gradle.internal.impldep.com.google.common.collect.Iterators$10              : loaded 2 times (x 78B)
Class com.android.utils.StringHelper                                                  : loaded 2 times (x 68B)
Class kotlin.io.NoSuchFileException                                                   : loaded 2 times (x 79B)
Class kotlin.collections.CollectionsKt                                                : loaded 2 times (x 68B)
Class com.google.common.io.ByteSource                                                 : loaded 2 times (x 81B)
Class com.google.common.util.concurrent.AbstractFuture$SetFuture                      : loaded 2 times (x 72B)
Class com.google.common.cache.AbstractCache$StatsCounter                              : loaded 2 times (x 67B)
Class com.intellij.gradle.toolingExtension.impl.model.sourceSetModel.DefaultGradleSourceSetModel: loaded 2 times (x 77B)
Class kotlin.ranges.IntProgressionIterator                                            : loaded 2 times (x 79B)
Class com.android.builder.model.v2.dsl.BuildType                                      : loaded 2 times (x 67B)
Class kotlin.coroutines.CoroutineContext                                              : loaded 2 times (x 67B)
Class kotlin.coroutines.jvm.internal.DebugProbesKt                                    : loaded 2 times (x 68B)
Class org.gradle.tooling.internal.adapter.WeakIdentityHashMap                         : loaded 2 times (x 73B)
Class org.gradle.tooling.GradleConnectionException                                    : loaded 2 times (x 80B)
Class org.gradle.tooling.internal.adapter.ProtocolToModelAdapter$1                    : loaded 2 times (x 72B)
Class org.gradle.tooling.internal.adapter.ProtocolToModelAdapter$ViewDecoration       : loaded 2 times (x 67B)
Class com.google.common.io.LineBuffer                                                 : loaded 2 times (x 72B)
Class com.google.common.collect.MapMakerInternalMap$1                                 : loaded 2 times (x 80B)
Class com.google.common.reflect.Types$TypeVariableImpl                                : loaded 2 times (x 69B)
Class org.gradle.internal.installation.GradleInstallation                             : loaded 2 times (x 72B)
Class org.jetbrains.plugins.gradle.model.DefaultFileCollectionDependency              : loaded 2 times (x 107B)
Class com.intellij.gradle.toolingExtension.impl.util.javaPluginUtil.ExtensionJavaPluginAccessor: loaded 2 times (x 79B)
Class com.google.common.collect.ForwardingCollection                                  : loaded 2 times (x 127B)
Class com.google.common.collect.LexicographicalOrdering                               : loaded 2 times (x 112B)
Class org.gradle.tooling.internal.adapter.MethodInvoker                               : loaded 2 times (x 67B)
Class com.google.common.base.Splitter$Strategy                                        : loaded 2 times (x 67B)
Class org.jetbrains.plugins.gradle.tooling.util.GradleContainerUtil                   : loaded 2 times (x 68B)
Class org.jetbrains.plugins.gradle.model.DefaultGradleExtension                       : loaded 2 times (x 77B)
Class org.jetbrains.kotlin.idea.gradleTooling.AbstractKotlinGradleModelBuilder        : loaded 2 times (x 78B)
Class com.android.ide.common.gradle.Part                                              : loaded 2 times (x 74B)
Class kotlin.ranges.IntProgression                                                    : loaded 2 times (x 78B)
Class kotlin.jvm.KotlinReflectionNotSupportedError                                    : loaded 2 times (x 79B)
Class org.gradle.tooling.model.gradle.GradleScript                                    : loaded 2 times (x 67B)

---------------  S Y S T E M  ---------------

OS:
DISTRIB_ID=Ubuntu
DISTRIB_RELEASE=24.04
DISTRIB_CODENAME=noble
DISTRIB_DESCRIPTION="Ubuntu 24.04.2 LTS"
uname: Linux 6.8.0-60-generic #63-Ubuntu SMP PREEMPT_DYNAMIC Tue Apr 15 19:04:15 UTC 2025 x86_64
OS uptime: 0 days 3:49 hours
libc: glibc 2.39 NPTL 2.39 
rlimit (soft/hard): STACK 8192k/infinity , CORE 0k/infinity , NPROC 47161/47161 , NOFILE 1048576/1048576 , AS infinity/infinity , CPU infinity/infinity , DATA infinity/infinity , FSIZE infinity/infinity , MEMLOCK 1518980k/1518980k
load average: 2.72 1.70 1.21

/proc/meminfo:
MemTotal:       12151864 kB
MemFree:          331364 kB
MemAvailable:    3630364 kB
Buffers:          173460 kB
Cached:          3551208 kB
SwapCached:          148 kB
Active:          5818472 kB
Inactive:        5168668 kB
Active(anon):    5347920 kB
Inactive(anon):  2262180 kB
Active(file):     470552 kB
Inactive(file):  2906488 kB
Unevictable:      151404 kB
Mlocked:              80 kB
SwapTotal:       2097148 kB
SwapFree:        2072224 kB
Zswap:                 0 kB
Zswapped:              0 kB
Dirty:              2040 kB
Writeback:             0 kB
AnonPages:       7413880 kB
Mapped:          1823200 kB
Shmem:            347528 kB
KReclaimable:     241628 kB
Slab:             472704 kB
SReclaimable:     241628 kB
SUnreclaim:       231076 kB
KernelStack:       18320 kB
PageTables:        63972 kB
SecPageTables:         0 kB
NFS_Unstable:          0 kB
Bounce:                0 kB
WritebackTmp:          0 kB
CommitLimit:     8173080 kB
Committed_AS:   23916400 kB
VmallocTotal:   34359738367 kB
VmallocUsed:       51648 kB
VmallocChunk:          0 kB
Percpu:             4432 kB
HardwareCorrupted:     0 kB
AnonHugePages:         0 kB
ShmemHugePages:   122880 kB
ShmemPmdMapped:        0 kB
FileHugePages:         0 kB
FilePmdMapped:         0 kB
Unaccepted:            0 kB
HugePages_Total:       0
HugePages_Free:        0
HugePages_Rsvd:        0
HugePages_Surp:        0
Hugepagesize:       2048 kB
Hugetlb:               0 kB
DirectMap4k:      249748 kB
DirectMap2M:     8042496 kB
DirectMap1G:     5242880 kB

/sys/kernel/mm/transparent_hugepage/enabled: always [madvise] never
/sys/kernel/mm/transparent_hugepage/hpage_pmd_size: 2097152
/sys/kernel/mm/transparent_hugepage/defrag (defrag/compaction efforts parameter): always defer defer+madvise [madvise] never

Process Memory:
Virtual Size: 5957016K (peak: 5990308K)
Resident Set Size: 1349008K (peak: 1358216K) (anon: 1308080K, file: 40928K, shmem: 0K)
Swapped out: 0K
C-Heap outstanding allocations: 153510K, retained: 220025K
glibc malloc tunables: (default)

/proc/sys/kernel/threads-max (system-wide limit on the number of threads): 94323
/proc/sys/vm/max_map_count (maximum number of memory map areas a process may have): 1048576
/proc/sys/vm/swappiness (control to define how aggressively the kernel swaps out anonymous memory): 60
/proc/sys/kernel/pid_max (system-wide limit on number of process identifiers): 4194304

container (cgroup) information:
container_type: cgroupv2
cpu_cpuset_cpus: not supported
cpu_memory_nodes: not supported
active_processor_count: 4
cpu_quota: not supported
cpu_period: not supported
cpu_shares: not supported
memory_limit_in_bytes: unlimited
memory_and_swap_limit_in_bytes: unlimited
memory_soft_limit_in_bytes: unlimited
memory_usage_in_bytes: 6226876 k
memory_max_usage_in_bytes: not supported
memory_swap_current_in_bytes: unlimited
memory_swap_max_limit_in_bytes: unlimited
maximum number of tasks: 14148
current number of tasks: 243

Steal ticks since vm start: 0
Steal ticks percentage since vm start:  0.000

CPU: total 4 (initial active 4) (2 cores per cpu, 2 threads per core) family 6 model 69 stepping 1 microcode 0x26, cx8, cmov, fxsr, ht, mmx, sse, sse2, sse3, ssse3, sse4.1, sse4.2, popcnt, lzcnt, tsc, tscinvbit, avx, avx2, aes, erms, clmul, bmi1, bmi2, fma, vzeroupper, clflush, rdtscp, f16c
CPU Model and flags from /proc/cpuinfo:
model name	: Intel(R) Core(TM) i5-4310U CPU @ 2.00GHz
flags		: fpu vme de pse tsc msr pae mce cx8 apic sep mtrr pge mca cmov pat pse36 clflush dts acpi mmx fxsr sse sse2 ss ht tm pbe syscall nx pdpe1gb rdtscp lm constant_tsc arch_perfmon pebs bts rep_good nopl xtopology nonstop_tsc cpuid aperfmperf pni pclmulqdq dtes64 monitor ds_cpl vmx smx est tm2 ssse3 sdbg fma cx16 xtpr pdcm pcid sse4_1 sse4_2 x2apic movbe popcnt tsc_deadline_timer aes xsave avx f16c rdrand lahf_lm abm cpuid_fault epb pti ssbd ibrs ibpb stibp tpr_shadow flexpriority ept vpid ept_ad fsgsbase tsc_adjust bmi1 avx2 smep bmi2 erms invpcid xsaveopt dtherm ida arat pln pts vnmi md_clear flush_l1d

Online cpus: 0-3
Offline cpus: 
BIOS frequency limitation: <Not Available>
Frequency switch latency (ns): 20000
Available cpu frequencies: <Not Available>
Current governor: schedutil
Core performance/turbo boost: <Not Available>

Memory: 4k page, physical 12151864k(3629384k free), swap 2097148k(2072224k free)
Page Sizes: 4k

vm_info: OpenJDK 64-Bit Server VM (21.0.6+-13368085-b895.109) for linux-amd64 JRE (21.0.6+-13368085-b895.109), built on 2025-04-16T16:59:14Z by "builder" with clang Android (13174946, +pgo, +bolt, +lto, +mlgo, based on r547379) Clang 20.0.0 (https://android.googlesource.com/toolchain/llvm-project b718bcaf8c198c82f3021447d943401e3ab5bd54)

END.
